Text,Image,Folio
urn:cts:greekLit:tlg5026.msA.hmt:12.F1,"urn:cite:hmt:vaimg.VA162VN-0664@0.23,0.2277,0.2014,0.0335",urn:cite:hmt:msA.162v
urn:cts:greekLit:tlg5026.msA.hmt:12.F2,"urn:cite:hmt:vaimg.VA162VN-0664@0.2332,0.2601,0.1921,0.0367",urn:cite:hmt:msA.162v
urn:cts:greekLit:tlg5026.msA.hmt:12.F3,"urn:cite:hmt:vaimg.VA162VN-0664@0.2273,0.4633,0.2093,0.0406",urn:cite:hmt:msA.162v
urn:cts:greekLit:tlg5026.msA.hmt:12.F4,"urn:cite:hmt:vaimg.VA162VN-0664@0.2271,0.6247,0.1982,0.068",urn:cite:hmt:msA.162v
urn:cts:greekLit:tlg5026.msA.hmt:12.F5,"urn:cite:hmt:vaimg.VA163RN-0334@0.165,0.0872,0.6206,0.0336",urn:cite:hmt:msA.163r
urn:cts:greekLit:tlg5026.msA.hmt:12.F6,"urn:cite:hmt:vaimg.VA163RN-0334@0.17,0.1056,0.6141,0.0396",urn:cite:hmt:msA.163r
urn:cts:greekLit:tlg5026.msA.hmt:12.F7,"urn:cite:hmt:vaimg.VA163RN-0334@0.17,0.1295,0.6033,0.0304",urn:cite:hmt:msA.163r
urn:cts:greekLit:tlg5026.msA.hmt:12.F8,"urn:cite:hmt:vaimg.VA163RN-0334@0.1693,0.1484,0.5148,0.0233",urn:cite:hmt:msA.163r
urn:cts:greekLit:tlg5026.msA.hmt:12.F9,"urn:cite:hmt:vaimg.VA163RN-0334@0.6153,0.3405,0.1911,0.0953",urn:cite:hmt:msA.163r
urn:cts:greekLit:tlg5026.msA.hmt:12.F10,"urn:cite:hmt:vaimg.VA163RN-0334@0.6143,0.4241,0.1773,0.0684",urn:cite:hmt:msA.163r
urn:cts:greekLit:tlg5026.msA.hmt:12.F11,"urn:cite:hmt:vaimg.VA163RN-0334@0.6164,0.4867,0.1885,0.0657",urn:cite:hmt:msA.163r
urn:cts:greekLit:tlg5026.msA.hmt:12.F12,"urn:cite:hmt:vaimg.VA163RN-0334@0.6112,0.5451,0.1885,0.0608",urn:cite:hmt:msA.163r
urn:cts:greekLit:tlg5026.msA.hmt:12.F13,"urn:cite:hmt:vaimg.VA163RN-0334@0.6135,0.6026,0.1968,0.0665",urn:cite:hmt:msA.163r
urn:cts:greekLit:tlg5026.msA.hmt:12.F14,"urn:cite:hmt:vaimg.VA163RN-0334@0.6151,0.664,0.1755,0.0522",urn:cite:hmt:msA.163r
urn:cts:greekLit:tlg5026.msA.hmt:12.F15,"urn:cite:hmt:vaimg.VA163RN-0334@0.1585,0.7003,0.6173,0.0417",urn:cite:hmt:msA.163r
urn:cts:greekLit:tlg5026.msA.hmt:12.A1,"urn:cite:hmt:vaimg.VA154VN-0656@0.2625,0.1128,0.6713,0.0301",urn:cite:hmt:msA.154v
urn:cts:greekLit:tlg5026.msA.hmt:12.A2,"urn:cite:hmt:vaimg.VA154VN-0656@0.2563,0.139,0.6837,0.0473",urn:cite:hmt:msA.154v
urn:cts:greekLit:tlg5026.msA.hmt:12.A3,"urn:cite:hmt:vaimg.VA154VN-0656@0.3203,0.1675,0.5836,0.0248",urn:cite:hmt:msA.154v
urn:cts:greekLit:tlg5026.msA.hmt:12.A4,"urn:cite:hmt:vaimg.VA154VN-0656@0.2515,0.1835,0.6864,0.0263",urn:cite:hmt:msA.154v
urn:cts:greekLit:tlg5026.msA.hmt:12.A5,"urn:cite:hmt:vaimg.VA154VN-0656@0.2513,0.2051,0.2232,0.0609",urn:cite:hmt:msA.154v
urn:cts:greekLit:tlg5026.msA.hmt:12.A6,"urn:cite:hmt:vaimg.VA154VN-0656@0.2503,0.2577,0.2142,0.0826",urn:cite:hmt:msA.154v
urn:cts:greekLit:tlg5026.msA.hmt:12.A7,"urn:cite:hmt:vaimg.VA154VN-0656@0.2505,0.3361,0.2104,0.0504",urn:cite:hmt:msA.154v
urn:cts:greekLit:tlg5026.msA.hmt:12.A8,"urn:cite:hmt:vaimg.VA154VN-0656@0.2563,0.3847,0.2022,0.0488",urn:cite:hmt:msA.154v
urn:cts:greekLit:tlg5026.msA.hmt:12.A9,"urn:cite:hmt:vaimg.VA154VN-0656@0.2503,0.4298,0.2272,0.0376",urn:cite:hmt:msA.154v
urn:cts:greekLit:tlg5026.msA.hmt:12.A10,"urn:cite:hmt:vaimg.VA154VN-0656@0.2535,0.4624,0.2134,0.2617",urn:cite:hmt:msA.154v
urn:cts:greekLit:tlg5026.msA.hmt:12.A11,"urn:cite:hmt:vaimg.VA154VN-0656@0.2563,0.7115,0.6707,0.0346",urn:cite:hmt:msA.154v
urn:cts:greekLit:tlg5026.msA.hmt:12.A12,"urn:cite:hmt:vaimg.VA154VN-0656@0.2533,0.7258,0.6747,0.0541",urn:cite:hmt:msA.154v
urn:cts:greekLit:tlg5026.msA.hmt:12.A13,"urn:cite:hmt:vaimg.VA154VN-0656@0.4669,0.7609,0.489,0.018",urn:cite:hmt:msA.154v
urn:cts:greekLit:tlg5026.msA.hmt:12.A14,"urn:cite:hmt:vaimg.VA154VN-0656@0.2583,0.7731,0.6717,0.0451",urn:cite:hmt:msA.154v
urn:cts:greekLit:tlg5026.msA.hmt:12.A15,"urn:cite:hmt:vaimg.VA154VN-0656@0.6256,0.8054,0.2803,0.0263",urn:cite:hmt:msA.154v
urn:cts:greekLit:tlg5026.msA.hmt:12.B1,"urn:cite:hmt:vaimg.VA155RN-0327@0.602,0.2111,0.1918,0.159",urn:cite:hmt:msA.155r
urn:cts:greekLit:tlg5026.msA.hmt:12.B2,"urn:cite:hmt:vaimg.VA155RN-0327@0.612,0.3559,0.1739,0.0705",urn:cite:hmt:msA.155r
urn:cts:greekLit:tlg5026.msA.hmt:12.B3,"urn:cite:hmt:vaimg.VA155RN-0327@0.5998,0.4232,0.1985,0.1647",urn:cite:hmt:msA.155r
urn:cts:greekLit:tlg5026.msA.hmt:12.B4,"urn:cite:hmt:vaimg.VA155RN-0327@0.5942,0.5861,0.1935,0.0647",urn:cite:hmt:msA.155r
urn:cts:greekLit:tlg5026.msA.hmt:12.B5,"urn:cite:hmt:vaimg.VA155RN-0327@0.1151,0.648,0.6713,0.0753",urn:cite:hmt:msA.155r
urn:cts:greekLit:tlg5026.msA.hmt:12.B6,"urn:cite:hmt:vaimg.VA155RN-0327@0.3498,0.7079,0.4323,0.0165",urn:cite:hmt:msA.155r
urn:cts:greekLit:tlg5026.msA.hmt:12.B7,"urn:cite:hmt:vaimg.VA155RN-0327@0.1149,0.7179,0.6812,0.0365",urn:cite:hmt:msA.155r
urn:cts:greekLit:tlg5026.msA.hmt:12.B8,"urn:cite:hmt:vaimg.VA155RN-0327@0.1313,0.7385,0.6422,0.0259",urn:cite:hmt:msA.155r
urn:cts:greekLit:tlg5026.msA.hmt:12.B9,"urn:cite:hmt:vaimg.VA155RN-0327@0.1289,0.7567,0.639,0.0464",urn:cite:hmt:msA.155r
urn:cts:greekLit:tlg5026.msA.hmt:12.C1,"urn:cite:hmt:vaimg.VA155VN-0657@0.2262,0.2998,0.2342,0.1345",urn:cite:hmt:msA.155v
urn:cts:greekLit:tlg5026.msA.hmt:12.C2,"urn:cite:hmt:vaimg.VA155VN-0657@0.2302,0.4313,0.2212,0.0533",urn:cite:hmt:msA.155v
urn:cts:greekLit:tlg5026.msA.hmt:12.C3,"urn:cite:hmt:vaimg.VA155VN-0657@0.2362,0.4771,0.2212,0.0413",urn:cite:hmt:msA.155v
urn:cts:greekLit:tlg5026.msA.hmt:12.C4,"urn:cite:hmt:vaimg.VA155VN-0657@0.2362,0.5109,0.2212,0.0646",urn:cite:hmt:msA.155v
urn:cts:greekLit:tlg5026.msA.hmt:12.C5,"urn:cite:hmt:vaimg.VA155VN-0657@0.2412,0.5698,0.2098,0.1326",urn:cite:hmt:msA.155v
urn:cts:greekLit:tlg5026.msA.hmt:12.C6,"urn:cite:hmt:vaimg.VA155VN-0657@0.2417,0.6949,0.5919,0.0533",urn:cite:hmt:msA.155v
urn:cts:greekLit:tlg5026.msA.hmt:12.E1,"urn:cite:hmt:vaimg.VA156VN-0658@0.2471,0.2255,0.2006,0.0413",urn:cite:hmt:msA.156v
urn:cts:greekLit:tlg5026.msA.hmt:12.E2,"urn:cite:hmt:vaimg.VA156VN-0658@0.2451,0.2664,0.2021,0.0909",urn:cite:hmt:msA.156v
urn:cts:greekLit:tlg5026.msA.hmt:12.E3,"urn:cite:hmt:vaimg.VA156VN-0658@0.2417,0.3578,0.1979,0.0223",urn:cite:hmt:msA.156v
urn:cts:greekLit:tlg5026.msA.hmt:12.E4,"urn:cite:hmt:vaimg.VA156VN-0658@0.2407,0.3797,0.2077,0.0251",urn:cite:hmt:msA.156v
urn:cts:greekLit:tlg5026.msA.hmt:12.E5,"urn:cite:hmt:vaimg.VA156VN-0658@0.2372,0.4024,0.2172,0.0351",urn:cite:hmt:msA.156v
urn:cts:greekLit:tlg5026.msA.hmt:12.E6,"urn:cite:hmt:vaimg.VA156VN-0658@0.2372,0.4368,0.2172,0.1175",urn:cite:hmt:msA.156v
urn:cts:greekLit:tlg5026.msA.hmt:12.E7,"urn:cite:hmt:vaimg.VA156VN-0658@0.2355,0.5511,0.2172,0.0505",urn:cite:hmt:msA.156v
urn:cts:greekLit:tlg5026.msA.hmt:12.E8,"urn:cite:hmt:vaimg.VA156VN-0658@0.2465,0.5973,0.2002,0.0661",urn:cite:hmt:msA.156v
urn:cts:greekLit:tlg5026.msA.hmt:12.E9,"urn:cite:hmt:vaimg.VA156VN-0658@0.2781,0.7274,0.6697,0.0532",urn:cite:hmt:msA.156v
urn:cts:greekLit:tlg5026.msA.hmt:12.E10,"urn:cite:hmt:vaimg.VA157VN-0659@0.2386,0.1287,0.6786,0.0309",urn:cite:hmt:msA.157v
urn:cts:greekLit:tlg5026.msA.hmt:12.E11,"urn:cite:hmt:vaimg.VA157VN-0659@0.2362,0.1427,0.6786,0.0284",urn:cite:hmt:msA.157v
urn:cts:greekLit:tlg5026.msA.hmt:12.E12,"urn:cite:hmt:vaimg.VA157VN-0659@0.2322,0.1687,0.6834,0.0351",urn:cite:hmt:msA.157v
urn:cts:greekLit:tlg5026.msA.hmt:12.E13,"urn:cite:hmt:vaimg.VA157VN-0659@0.2418,0.1995,0.633,0.0157",urn:cite:hmt:msA.157v
urn:cts:greekLit:tlg5026.msA.hmt:12.E14,"urn:cite:hmt:vaimg.VA157VN-0659@0.2422,0.3862,0.1853,0.042",urn:cite:hmt:msA.157v
urn:cts:greekLit:tlg5026.msA.hmt:12.E15,"urn:cite:hmt:vaimg.VA157VN-0659@0.239,0.425,0.2192,0.0854",urn:cite:hmt:msA.157v
urn:cts:greekLit:tlg5026.msA.hmt:12.E16,"urn:cite:hmt:vaimg.VA157VN-0659@0.243,0.5086,0.2192,0.023",urn:cite:hmt:msA.157v
urn:cts:greekLit:tlg5026.msA.hmt:12.E17,"urn:cite:hmt:vaimg.VA157VN-0659@0.2465,0.5306,0.2192,0.0363",urn:cite:hmt:msA.157v
urn:cts:greekLit:tlg5026.msA.hmt:12.E18,"urn:cite:hmt:vaimg.VA157VN-0659@0.2449,0.5669,0.2192,0.0624",urn:cite:hmt:msA.157v
urn:cts:greekLit:tlg5026.msA.hmt:12.E19,"urn:cite:hmt:vaimg.VA157VN-0659@0.2503,0.6154,0.2192,0.0367",urn:cite:hmt:msA.157v
urn:cts:greekLit:tlg5026.msA.hmt:12.E20,"urn:cite:hmt:vaimg.VA157VN-0659@0.2544,0.6505,0.6819,0.1134",urn:cite:hmt:msA.157v
urn:cts:greekLit:tlg5026.msA.hmt:12.E21,"urn:cite:hmt:vaimg.VA157VN-0659@0.2648,0.7439,0.6716,0.0337",urn:cite:hmt:msA.157v
urn:cts:greekLit:tlg5026.msA.hmt:12.G1,"urn:cite:hmt:vaimg.VA157RN-0328@0.1681,0.1013,0.6409,0.0368",urn:cite:hmt:msA.157r
urn:cts:greekLit:tlg5026.msA.hmt:12.G2,"urn:cite:hmt:vaimg.VA157RN-0328@0.1797,0.1205,0.6191,0.0315",urn:cite:hmt:msA.157r
urn:cts:greekLit:tlg5026.msA.hmt:12.G3,"urn:cite:hmt:vaimg.VA157RN-0328@0.5955,0.3855,0.188,0.042",urn:cite:hmt:msA.157r
urn:cts:greekLit:tlg5026.msA.hmt:12.G4,"urn:cite:hmt:vaimg.VA157RN-0328@0.5911,0.4222,0.1914,0.1649",urn:cite:hmt:msA.157r
urn:cts:greekLit:tlg5026.msA.hmt:12.G5,"urn:cite:hmt:vaimg.VA157RN-0328@0.5826,0.5785,0.2022,0.0466",urn:cite:hmt:msA.157r
urn:cts:greekLit:tlg5026.msA.hmt:12.G6,"urn:cite:hmt:vaimg.VA157RN-0328@0.5896,0.6168,0.2022,0.0533",urn:cite:hmt:msA.157r
urn:cts:greekLit:tlg5026.msA.hmt:12.G7,"urn:cite:hmt:vaimg.VA157RN-0328@0.1612,0.6589,0.6296,0.0616",urn:cite:hmt:msA.157r
urn:cts:greekLit:tlg5026.msA.hmt:12.G8,"urn:cite:hmt:vaimg.VA157RN-0328@0.3419,0.7041,0.4153,0.0281",urn:cite:hmt:msA.157r
urn:cts:greekLit:tlg5026.msA.hmt:12.G9,"urn:cite:hmt:vaimg.VA157RN-0328@0.1587,0.7113,0.4094,0.0303",urn:cite:hmt:msA.157r
urn:cts:greekLit:tlg5026.msA.hmt:12.G10,"urn:cite:hmt:vaimg.VA157RN-0328@0.1587,0.7339,0.6087,0.0347",urn:cite:hmt:msA.157r
urn:cts:greekLit:tlg5026.msA.hmt:12.G11,"urn:cite:hmt:vaimg.VA157RN-0328@0.3696,0.7532,0.3868,0.0248",urn:cite:hmt:msA.157r
urn:cts:greekLit:tlg5026.msA.hmt:12.H1,"urn:cite:hmt:vaimg.VA158RN-0329@0.186,0.0957,0.6088,0.0317",urn:cite:hmt:msA.158r
urn:cts:greekLit:tlg5026.msA.hmt:12.H2,"urn:cite:hmt:vaimg.VA158RN-0329@0.1958,0.1078,0.5976,0.0275",urn:cite:hmt:msA.158r
urn:cts:greekLit:tlg5026.msA.hmt:12.H3,"urn:cite:hmt:vaimg.VA158RN-0329@0.1958,0.1221,0.5976,0.0248",urn:cite:hmt:msA.158r
urn:cts:greekLit:tlg5026.msA.hmt:12.H4,"urn:cite:hmt:vaimg.VA158RN-0329@0.193,0.1337,0.5997,0.0375",urn:cite:hmt:msA.158r
urn:cts:greekLit:tlg5026.msA.hmt:12.H5,"urn:cite:hmt:vaimg.VA158RN-0329@0.1874,0.1628,0.5435,0.0206",urn:cite:hmt:msA.158r
urn:cts:greekLit:tlg5026.msA.hmt:12.H6,"urn:cite:hmt:vaimg.VA158RN-0329@0.607,0.5204,0.1868,0.0718",urn:cite:hmt:msA.158r
urn:cts:greekLit:tlg5026.msA.hmt:12.H7,"urn:cite:hmt:vaimg.VA158RN-0329@0.5916,0.5887,0.1995,0.0743",urn:cite:hmt:msA.158r
urn:cts:greekLit:tlg5026.msA.hmt:12.H8,"urn:cite:hmt:vaimg.VA158RN-0329@0.5821,0.655,0.2087,0.0311",urn:cite:hmt:msA.158r
urn:cts:greekLit:tlg5026.msA.hmt:12.H9,"urn:cite:hmt:vaimg.VA158RN-0329@0.1654,0.681,0.6216,0.0339",urn:cite:hmt:msA.158r
urn:cts:greekLit:tlg5026.msA.hmt:12.H10,"urn:cite:hmt:vaimg.VA158RN-0329@0.1692,0.6979,0.6216,0.0785",urn:cite:hmt:msA.158r
urn:cts:greekLit:tlg5026.msA.hmt:12.H11,"urn:cite:hmt:vaimg.VA158RN-0329@0.1632,0.7612,0.6254,0.0587",urn:cite:hmt:msA.158r
urn:cts:greekLit:tlg5026.msA.hmt:12.H1,"urn:cite:hmt:vaimg.VA158VN-0660@0.2468,0.1097,0.6492,0.0218",urn:cite:hmt:msA.158v
urn:cts:greekLit:tlg5026.msA.hmt:12.H2,"urn:cite:hmt:vaimg.VA158VN-0660@0.2609,0.127,0.535,0.0157",urn:cite:hmt:msA.158v
urn:cts:greekLit:tlg5026.msA.hmt:12.H3,"urn:cite:hmt:vaimg.VA158VN-0660@0.255,0.136,0.6485,0.0314",urn:cite:hmt:msA.158v
urn:cts:greekLit:tlg5026.msA.hmt:12.H4,"urn:cite:hmt:vaimg.VA158VN-0660@0.2565,0.1517,0.644,0.0286",urn:cite:hmt:msA.158v
urn:cts:greekLit:tlg5026.msA.hmt:12.H5,"urn:cite:hmt:vaimg.VA158VN-0660@0.2565,0.164,0.6403,0.0319",urn:cite:hmt:msA.158v
urn:cts:greekLit:tlg5026.msA.hmt:12.H1,"urn:cite:hmt:vaimg.VA159VN-0661@0.2249,0.1133,0.5345,0.0213",urn:cite:hmt:msA.159v
urn:cts:greekLit:tlg5026.msA.hmt:12.H2,"urn:cite:hmt:vaimg.VA159VN-0661@0.2272,0.1293,0.5048,0.0154",urn:cite:hmt:msA.159v
urn:cts:greekLit:tlg5026.msA.hmt:12.H3,"urn:cite:hmt:vaimg.VA159VN-0661@0.2311,0.137,0.6837,0.0326",urn:cite:hmt:msA.159v
urn:cts:greekLit:tlg5026.msA.hmt:12.H4,"urn:cite:hmt:vaimg.VA159VN-0661@0.2273,0.1546,0.6899,0.0448",urn:cite:hmt:msA.159v
urn:cts:greekLit:tlg5026.msA.hmt:12.H5,"urn:cite:hmt:vaimg.VA159VN-0661@0.2284,0.1912,0.6955,0.032",urn:cite:hmt:msA.159v
urn:cts:greekLit:tlg5026.msA.hmt:12.H6,"urn:cite:hmt:vaimg.VA159VN-0661@0.2065,0.2204,0.2377,0.0245",urn:cite:hmt:msA.159v
urn:cts:greekLit:tlg5026.msA.hmt:12.H7,"urn:cite:hmt:vaimg.VA159VN-0661@0.2281,0.2411,0.2099,0.0419",urn:cite:hmt:msA.159v
urn:cts:greekLit:tlg5026.msA.hmt:12.H8,"urn:cite:hmt:vaimg.VA159VN-0661@0.2423,0.4764,0.2213,0.1365",urn:cite:hmt:msA.159v
urn:cts:greekLit:tlg5026.msA.hmt:12.H9,"urn:cite:hmt:vaimg.VA159VN-0661@0.2425,0.6078,0.2151,0.0653",urn:cite:hmt:msA.159v
urn:cts:greekLit:tlg5026.msA.hmt:12.H10,"urn:cite:hmt:vaimg.VA159VN-0661@0.245,0.6742,0.2041,0.0407",urn:cite:hmt:msA.159v
urn:cts:greekLit:tlg5026.msA.hmt:12.H11,"urn:cite:hmt:vaimg.VA159VN-0661@0.2462,0.7018,0.6662,0.0803",urn:cite:hmt:msA.159v
urn:cts:greekLit:tlg5026.msA.hmt:12.H12,"urn:cite:hmt:vaimg.VA159VN-0661@0.2432,0.7618,0.6787,0.0361",urn:cite:hmt:msA.159v
urn:cts:greekLit:tlg5026.msA.hmt:12.H1,"urn:cite:hmt:vaimg.VA161RN-0332@0.1843,0.0865,0.5947,0.0362",urn:cite:hmt:msA.161r
urn:cts:greekLit:tlg5026.msA.hmt:12.H2,"urn:cite:hmt:vaimg.VA161RN-0332@0.1896,0.1195,0.5872,0.0352",urn:cite:hmt:msA.161r
urn:cts:greekLit:tlg5026.msA.hmt:12.H3,"urn:cite:hmt:vaimg.VA161RN-0332@0.1978,0.1347,0.6143,0.0303",urn:cite:hmt:msA.161r
urn:cts:greekLit:tlg5026.msA.hmt:12.H4,"urn:cite:hmt:vaimg.VA161RN-0332@0.6218,0.38,0.1747,0.1501",urn:cite:hmt:msA.161r
urn:cts:greekLit:tlg5026.msA.hmt:12.H5,"urn:cite:hmt:vaimg.VA161RN-0332@0.6149,0.5281,0.1801,0.0762",urn:cite:hmt:msA.161r
urn:cts:greekLit:tlg5026.msA.hmt:12.H6,"urn:cite:hmt:vaimg.VA161RN-0332@0.6094,0.6054,0.1812,0.0425",urn:cite:hmt:msA.161r
urn:cts:greekLit:tlg5026.msA.hmt:12.H7,"urn:cite:hmt:vaimg.VA161RN-0332@0.6062,0.6428,0.182,0.0639",urn:cite:hmt:msA.161r
urn:cts:greekLit:tlg5026.msA.hmt:12.H8,"urn:cite:hmt:vaimg.VA161RN-0332@0.1648,0.6882,0.622,0.0397",urn:cite:hmt:msA.161r
urn:cts:greekLit:tlg5026.msA.hmt:12.H9,"urn:cite:hmt:vaimg.VA161RN-0332@0.1828,0.7083,0.6062,0.0261",urn:cite:hmt:msA.161r
urn:cts:greekLit:tlg5026.msA.hmt:12.H10,"urn:cite:hmt:vaimg.VA161RN-0332@0.4139,0.7235,0.378,0.0234",urn:cite:hmt:msA.161r
urn:cts:greekLit:tlg5026.msA.hmt:12.H11,"urn:cite:hmt:vaimg.VA161RN-0332@0.1655,0.7328,0.3153,0.0217",urn:cite:hmt:msA.161r
urn:cts:greekLit:tlg5026.msA.hmt:12.H12,"urn:cite:hmt:vaimg.VA161RN-0332@0.1663,0.7404,0.5961,0.0332",urn:cite:hmt:msA.161r
urn:cts:greekLit:tlg5026.msA.hmt:12.J1,"urn:cite:hmt:vaimg.VA163VN-0665@0.241,0.1156,0.683,0.0368",urn:cite:hmt:msA.163v
urn:cts:greekLit:tlg5026.msA.hmt:12.J2,"urn:cite:hmt:vaimg.VA163VN-0665@0.241,0.1366,0.683,0.0248",urn:cite:hmt:msA.163v
urn:cts:greekLit:tlg5026.msA.hmt:12.J3,"urn:cite:hmt:vaimg.VA163VN-0665@0.246,0.3003,0.198,0.0526",urn:cite:hmt:msA.163v
urn:cts:greekLit:tlg5026.msA.hmt:12.J4,"urn:cite:hmt:vaimg.VA163VN-0665@0.236,0.3491,0.208,0.0263",urn:cite:hmt:msA.163v
urn:cts:greekLit:tlg5026.msA.hmt:12.J5,"urn:cite:hmt:vaimg.VA163VN-0665@0.235,0.3709,0.219,0.1216",urn:cite:hmt:msA.163v
urn:cts:greekLit:tlg5026.msA.hmt:12.J6,"urn:cite:hmt:vaimg.VA163VN-0665@0.232,0.4917,0.211,0.0601",urn:cite:hmt:msA.163v
urn:cts:greekLit:tlg5026.msA.hmt:12.J7,"urn:cite:hmt:vaimg.VA163VN-0665@0.232,0.5473,0.199,0.0263",urn:cite:hmt:msA.163v
urn:cts:greekLit:tlg5026.msA.hmt:12.J8,"urn:cite:hmt:vaimg.VA163VN-0665@0.226,0.5721,0.215,0.0631",urn:cite:hmt:msA.163v
urn:cts:greekLit:tlg5026.msA.hmt:12.J9,"urn:cite:hmt:vaimg.VA163VN-0665@0.22,0.6216,0.223,0.0856",urn:cite:hmt:msA.163v
urn:cts:greekLit:tlg5026.msA.hmt:12.J10,"urn:cite:hmt:vaimg.VA163VN-0665@0.495,0.5983,0.388,0.0413",urn:cite:hmt:msA.163v

urn:cts:greekLit:tlg5026.msA.hmt:12.G12,"urn:cite:hmt:vaimg.VA159RN-0330@0.1793,0.097,0.6359,0.0634",urn:cite:hmt:msA.159r
urn:cts:greekLit:tlg5026.msA.hmt:12.G13,"urn:cite:hmt:vaimg.VA159RN-0330@0.1914,0.1457,0.6163,0.0368",urn:cite:hmt:msA.159r
urn:cts:greekLit:tlg5026.msA.hmt:12.G14,"urn:cite:hmt:vaimg.VA159RN-0330@0.1959,0.1694,0.6081,0.0306",urn:cite:hmt:msA.159r
urn:cts:greekLit:tlg5026.msA.hmt:12.G15,"urn:cite:hmt:vaimg.VA159RN-0330@0.5704,0.1831,0.2568,0.1457",urn:cite:hmt:msA.159r
urn:cts:greekLit:tlg5026.msA.hmt:12.G16,"urn:cite:hmt:vaimg.VA159RN-0330@0.6082,0.3233,0.2091,0.0449",urn:cite:hmt:msA.159r
urn:cts:greekLit:tlg5026.msA.hmt:12.G17,"urn:cite:hmt:vaimg.VA159RN-0330@0.6086,0.3604,0.2091,0.0598",urn:cite:hmt:msA.159r
urn:cts:greekLit:tlg5026.msA.hmt:12.G18,"urn:cite:hmt:vaimg.VA159RN-0330@0.1703,0.6917,0.5852,0.0391",urn:cite:hmt:msA.159r
urn:cts:greekLit:tlg5026.msA.hmt:12.D1,"urn:cite:hmt:vaimg.VA156RN-0327@0.1652,0.0887,0.6166,0.0488",urn:cite:hmt:msA.156r
urn:cts:greekLit:tlg5026.msA.hmt:12.D2,"urn:cite:hmt:vaimg.VA156RN-0327@0.6286,0.3944,0.1602,0.0744",urn:cite:hmt:msA.156r
urn:cts:greekLit:tlg5026.msA.hmt:12.D3,"urn:cite:hmt:vaimg.VA156RN-0327@0.6236,0.4666,0.1632,0.0481",urn:cite:hmt:msA.156r
urn:cts:greekLit:tlg5026.msA.hmt:12.D4,"urn:cite:hmt:vaimg.VA156RN-0327@0.6176,0.5139,0.1682,0.1638",urn:cite:hmt:msA.156r
urn:cts:greekLit:tlg5026.msA.hmt:12.D5,"urn:cite:hmt:vaimg.VA156RN-0327@0.6086,0.6762,0.1852,0.0383",urn:cite:hmt:msA.156r
urn:cts:greekLit:tlg5026.msA.hmt:12.D6,"urn:cite:hmt:vaimg.VA156RN-0327@0.1542,0.6957,0.6006,0.0316",urn:cite:hmt:msA.156r
urn:cts:greekLit:tlg5026.msA.hmt:12.D7,"urn:cite:hmt:vaimg.VA160VN-0662@0.217,0.2123,0.211,0.054",urn:cite:hmt:msA.160v
urn:cts:greekLit:tlg5026.msA.hmt:12.D8,"urn:cite:hmt:vaimg.VA160VN-0662@0.216,0.2603,0.22,0.1725",urn:cite:hmt:msA.160v
urn:cts:greekLit:tlg5026.msA.hmt:12.D9,"urn:cite:hmt:vaimg.VA160VN-0662@0.238,0.7082,0.566,0.033",urn:cite:hmt:msA.160v
urn:cts:greekLit:tlg5026.msA.hmt:12.J10,"urn:cite:hmt:vaimg.VA161VN-0663@0.216,0.3356,0.223,0.0766",urn:cite:hmt:msA.161v
urn:cts:greekLit:tlg5026.msA.hmt:12.J11,"urn:cite:hmt:vaimg.VA161VN-0663@0.197,0.4062,0.23,0.0375",urn:cite:hmt:msA.161v
urn:cts:greekLit:tlg5026.msA.hmt:12.J12,"urn:cite:hmt:vaimg.VA161VN-0663@0.215,0.4377,0.221,0.0548",urn:cite:hmt:msA.161v
urn:cts:greekLit:tlg5026.msA.hmt:12.J13,"urn:cite:hmt:vaimg.VA161VN-0663@0.212,0.4872,0.225,0.039",urn:cite:hmt:msA.161v
urn:cts:greekLit:tlg5026.msA.hmt:12.J14,"urn:cite:hmt:vaimg.VA161VN-0663@0.215,0.5218,0.214,0.0631",urn:cite:hmt:msA.161v
urn:cts:greekLit:tlg5026.msA.hmt:12.J15,"urn:cite:hmt:vaimg.VA161VN-0663@0.216,0.5766,0.213,0.0556",urn:cite:hmt:msA.161v
urn:cts:greekLit:tlg5026.msA.hmt:12.J16,"urn:cite:hmt:vaimg.VA161VN-0663@0.227,0.6269,0.209,0.0488",urn:cite:hmt:msA.161v
urn:cts:greekLit:tlg5026.msA.hmt:12.G19,"urn:cite:hmt:vaimg.VA160RN-0331@0.1817,0.0895,0.6179,0.0328",urn:cite:hmt:msA.160r
urn:cts:greekLit:tlg5026.msA.hmt:12.G20,"urn:cite:hmt:vaimg.VA160RN-0331@0.1787,0.1127,0.6149,0.0328",urn:cite:hmt:msA.160r
urn:cts:greekLit:tlg5026.msA.hmt:12.G21,"urn:cite:hmt:vaimg.VA160RN-0331@0.3191,0.1274,0.4617,0.0204",urn:cite:hmt:msA.160r
urn:cts:greekLit:tlg5026.msA.hmt:12.G22,"urn:cite:hmt:vaimg.VA160RN-0331@0.178,0.1381,0.6224,0.03",urn:cite:hmt:msA.160r
urn:cts:greekLit:tlg5026.msA.hmt:12.G23,"urn:cite:hmt:vaimg.VA160RN-0331@0.1787,0.1528,0.6224,0.0843",urn:cite:hmt:msA.160r
urn:cts:greekLit:tlg5026.msA.hmt:12.G24,"urn:cite:hmt:vaimg.VA160RN-0331@0.6239,0.2322,0.1754,0.0603",urn:cite:hmt:msA.160r
urn:cts:greekLit:tlg5026.msA.hmt:12.G25,"urn:cite:hmt:vaimg.VA160RN-0331@0.6223,0.2876,0.1777,0.052",urn:cite:hmt:msA.160r
urn:cts:greekLit:tlg5026.msA.hmt:12.G26,"urn:cite:hmt:vaimg.VA160RN-0331@0.5999,0.5142,0.1959,0.1315",urn:cite:hmt:msA.160r
urn:cts:greekLit:tlg5026.msA.hmt:12.G27,"urn:cite:hmt:vaimg.VA160RN-0331@0.6041,0.6429,0.1827,0.0627",urn:cite:hmt:msA.160r
urn:cts:greekLit:tlg5026.msA.hmt:12.G28,"urn:cite:hmt:vaimg.VA160RN-0331@0.1638,0.6985,0.6266,0.0461",urn:cite:hmt:msA.160r
urn:cts:greekLit:tlg5026.msA.hmt:12.G29,"urn:cite:hmt:vaimg.VA160RN-0331@0.1723,0.7243,0.6145,0.0418",urn:cite:hmt:msA.160r
urn:cts:greekLit:tlg5026.msA.hmt:12.G30,"urn:cite:hmt:vaimg.VA160RN-0331@0.1652,0.7559,0.5881,0.0225",urn:cite:hmt:msA.160r
<<<<<<< HEAD
=======
urn:cts:greekLit:tlg5026.msA.hmt:12.G31,"urn:cite:hmt:vaimg.VA162RN-0333@0.158,0.0854,0.6317,0.0356",urn:cite:hmt:msA.162r
urn:cts:greekLit:tlg5026.msA.hmt:12.G32,"urn:cite:hmt:vaimg.VA162RN-0333@0.1543,0.1126,0.6317,0.0278",urn:cite:hmt:msA.162r
urn:cts:greekLit:tlg5026.msA.hmt:12.G33,"urn:cite:hmt:vaimg.VA162RN-0333@0.1647,0.1266,0.6258,0.0278",urn:cite:hmt:msA.162r
urn:cts:greekLit:tlg5026.msA.hmt:12.G34,"urn:cite:hmt:vaimg.VA162RN-0333@0.1588,0.1449,0.6376,0.0301",urn:cite:hmt:msA.162r
urn:cts:greekLit:tlg5026.msA.hmt:12.G35,"urn:cite:hmt:vaimg.VA162RN-0333@0.6129,0.4085,0.1653,0.0441",urn:cite:hmt:msA.162r
urn:cts:greekLit:tlg5026.msA.hmt:12.G36,"urn:cite:hmt:vaimg.VA162RN-0333@0.6075,0.4466,0.181,0.0969",urn:cite:hmt:msA.162r
urn:cts:greekLit:tlg5026.msA.hmt:12.G37,"urn:cite:hmt:vaimg.VA162RN-0333@0.6131,0.5403,0.1749,0.0846",urn:cite:hmt:msA.162r
urn:cts:greekLit:tlg5026.msA.hmt:12.G38,"urn:cite:hmt:vaimg.VA162RN-0333@0.6065,0.6211,0.1806,0.0513",urn:cite:hmt:msA.162r
>>>>>>> bfeec0977194a701f251cf9d12a09090831a6ad6
