Text,Image
urn:cts:greekLit:tlg0012.tlg001.msA:5.1,"urn:cite:hmt:vaimg.VA062RN-0063@0.093,0.5071,0.48,0.0977"
urn:cts:greekLit:tlg0012.tlg001.msA:5.2,"urn:cite:hmt:vaimg.VA062RN-0063@0.182,0.568,0.43,0.0285"
urn:cts:greekLit:tlg0012.tlg001.msA:5.3,"urn:cite:hmt:vaimg.VA062RN-0063@0.184,0.5845,0.385,0.0301"
urn:cts:greekLit:tlg0012.tlg001.msA:5.4,"urn:cite:hmt:vaimg.VA062RN-0063@0.179,0.6026,0.434,0.0331"
urn:cts:greekLit:tlg0012.tlg001.msA:5.5,"urn:cite:hmt:vaimg.VA062RN-0063@0.171,0.6236,0.401,0.0323"
urn:cts:greekLit:tlg0012.tlg001.msA:5.6,"urn:cite:hmt:vaimg.VA062RN-0063@0.166,0.6431,0.44,0.0323"
urn:cts:greekLit:tlg0012.tlg001.msA:5.7,"urn:cite:hmt:vaimg.VA062RN-0063@0.176,0.6627,0.419,0.0331"
urn:cts:greekLit:tlg0012.tlg001.msA:5.8,"urn:cite:hmt:vaimg.VA062RN-0063@0.178,0.6829,0.433,0.0331"
urn:cts:greekLit:tlg0012.tlg001.msA:5.9,"urn:cite:hmt:vaimg.VA062VN-0564@0.454,0.2231,0.389,0.0308"
urn:cts:greekLit:tlg0012.tlg001.msA:5.10,"urn:cite:hmt:vaimg.VA062VN-0564@0.459,0.2457,0.343,0.0308"
urn:cts:greekLit:tlg0012.tlg001.msA:5.11,"urn:cite:hmt:vaimg.VA062VN-0564@0.467,0.2622,0.377,0.0346"
urn:cts:greekLit:tlg0012.tlg001.msA:5.12,"urn:cite:hmt:vaimg.VA062VN-0564@0.464,0.281,0.384,0.0353"
urn:cts:greekLit:tlg0012.tlg001.msA:5.13,"urn:cite:hmt:vaimg.VA062VN-0564@0.462,0.2968,0.415,0.0398"
urn:cts:greekLit:tlg0012.tlg001.msA:5.14,"urn:cite:hmt:vaimg.VA062VN-0564@0.462,0.2968,0.415,0.0398"
urn:cts:greekLit:tlg0012.tlg001.msA:5.15,"urn:cite:hmt:vaimg.VA062VN-0564@0.472,0.3358,0.402,0.0391"
urn:cts:greekLit:tlg0012.tlg001.msA:5.16,"urn:cite:hmt:vaimg.VA062VN-0564@0.468,0.3554,0.402,0.0368"
urn:cts:greekLit:tlg0012.tlg001.msA:5.17,"urn:cite:hmt:vaimg.VA062VN-0564@0.463,0.3749,0.437,0.0361"
urn:cts:greekLit:tlg0012.tlg001.msA:5.18,"urn:cite:hmt:vaimg.VA062VN-0564@0.469,0.3929,0.41,0.0346"
urn:cts:greekLit:tlg0012.tlg001.msA:5.19,"urn:cite:hmt:vaimg.VA062VN-0564@0.473,0.4117,0.424,0.0361"
urn:cts:greekLit:tlg0012.tlg001.msA:5.20,"urn:cite:hmt:vaimg.VA062VN-0564@0.469,0.4313,0.424,0.0361"
urn:cts:greekLit:tlg0012.tlg001.msA:5.21,"urn:cite:hmt:vaimg.VA062VN-0564@0.468,0.45,0.4,0.0323"
urn:cts:greekLit:tlg0012.tlg001.msA:5.22,"urn:cite:hmt:vaimg.VA062VN-0564@0.472,0.4673,0.446,0.0391"
urn:cts:greekLit:tlg0012.tlg001.msA:5.23,"urn:cite:hmt:vaimg.VA062VN-0564@0.468,0.4853,0.42,0.0376"
urn:cts:greekLit:tlg0012.tlg001.msA:5.24,"urn:cite:hmt:vaimg.VA062VN-0564@0.474,0.5056,0.406,0.0331"
urn:cts:greekLit:tlg0012.tlg001.msA:5.25,"urn:cite:hmt:vaimg.VA062VN-0564@0.475,0.5229,0.407,0.0383"
urn:cts:greekLit:tlg0012.tlg001.msA:5.26,"urn:cite:hmt:vaimg.VA062VN-0564@0.469,0.5432,0.421,0.0331"
urn:cts:greekLit:tlg0012.tlg001.msA:5.27,"urn:cite:hmt:vaimg.VA062VN-0564@0.477,0.5627,0.4,0.0361"
urn:cts:greekLit:tlg0012.tlg001.msA:5.28,"urn:cite:hmt:vaimg.VA062VN-0564@0.46,0.58,0.452,0.0368"
urn:cts:greekLit:tlg0012.tlg001.msA:5.29,"urn:cite:hmt:vaimg.VA062VN-0564@0.479,0.6003,0.416,0.0331"
urn:cts:greekLit:tlg0012.tlg001.msA:5.30,"urn:cite:hmt:vaimg.VA062VN-0564@0.474,0.6176,0.42,0.0391"
urn:cts:greekLit:tlg0012.tlg001.msA:5.31,"urn:cite:hmt:vaimg.VA062VN-0564@0.466,0.6371,0.438,0.0406"
urn:cts:greekLit:tlg0012.tlg001.msA:5.32,"urn:cite:hmt:vaimg.VA062VN-0564@0.477,0.6559,0.419,0.0376"
urn:cts:greekLit:tlg0012.tlg001.msA:5.33,"urn:cite:hmt:vaimg.VA062VN-0564@0.478,0.6694,0.439,0.0466"
urn:cts:greekLit:tlg0012.tlg001.msA:5.34,"urn:cite:hmt:vaimg.VA063RN-0064@0.174,0.2126,0.447,0.0316"
urn:cts:greekLit:tlg0012.tlg001.msA:5.35,"urn:cite:hmt:vaimg.VA063RN-0064@0.178,0.2276,0.402,0.0331"
urn:cts:greekLit:tlg0012.tlg001.msA:5.36,"urn:cite:hmt:vaimg.VA063RN-0064@0.177,0.2487,0.462,0.0285"
urn:cts:greekLit:tlg0012.tlg001.msA:5.37,"urn:cite:hmt:vaimg.VA063RN-0064@0.162,0.266,0.46,0.0331"
urn:cts:greekLit:tlg0012.tlg001.msA:5.38,"urn:cite:hmt:vaimg.VA063RN-0064@0.178,0.284,0.445,0.0376"
urn:cts:greekLit:tlg0012.tlg001.msA:5.39,"urn:cite:hmt:vaimg.VA063RN-0064@0.179,0.3043,0.417,0.0331"
urn:cts:greekLit:tlg0012.tlg001.msA:5.40,"urn:cite:hmt:vaimg.VA063RN-0064@0.174,0.3261,0.448,0.0331"
urn:cts:greekLit:tlg0012.tlg001.msA:5.41,"urn:cite:hmt:vaimg.VA063RN-0064@0.174,0.3434,0.422,0.0323"
urn:cts:greekLit:tlg0012.tlg001.msA:5.43,"urn:cite:hmt:vaimg.VA063RN-0064@0.172,0.3621,0.448,0.0346"
urn:cts:greekLit:tlg0012.tlg001.msA:5.44,"urn:cite:hmt:vaimg.VA063RN-0064@0.175,0.3802,0.43,0.0346"
urn:cts:greekLit:tlg0012.tlg001.msA:5.45,"urn:cite:hmt:vaimg.VA063RN-0064@0.167,0.3989,0.464,0.0301"
urn:cts:greekLit:tlg0012.tlg001.msA:5.46,"urn:cite:hmt:vaimg.VA063RN-0064@0.174,0.4177,0.443,0.0308"
urn:cts:greekLit:tlg0012.tlg001.msA:5.47,"urn:cite:hmt:vaimg.VA063RN-0064@0.174,0.4335,0.454,0.0338"
urn:cts:greekLit:tlg0012.tlg001.msA:5.48,"urn:cite:hmt:vaimg.VA063RN-0064@0.168,0.4576,0.426,0.0278"
urn:cts:greekLit:tlg0012.tlg001.msA:5.49,"urn:cite:hmt:vaimg.VA063RN-0064@0.171,0.4741,0.443,0.0293"
urn:cts:greekLit:tlg0012.tlg001.msA:5.50,"urn:cite:hmt:vaimg.VA063RN-0064@0.175,0.4921,0.388,0.0323"
urn:cts:greekLit:tlg0012.tlg001.msA:5.51,"urn:cite:hmt:vaimg.VA063RN-0064@0.173,0.5064,0.435,0.0361"
urn:cts:greekLit:tlg0012.tlg001.msA:5.52,"urn:cite:hmt:vaimg.VA063RN-0064@0.156,0.5297,0.455,0.0316"
urn:cts:greekLit:tlg0012.tlg001.msA:5.53,"urn:cite:hmt:vaimg.VA063RN-0064@0.171,0.5507,0.418,0.0301"
urn:cts:greekLit:tlg0012.tlg001.msA:5.54,"urn:cite:hmt:vaimg.VA063RN-0064@0.171,0.5733,0.418,0.0301"
urn:cts:greekLit:tlg0012.tlg001.msA:5.55,"urn:cite:hmt:vaimg.VA063RN-0064@0.169,0.5928,0.418,0.0301"
urn:cts:greekLit:tlg0012.tlg001.msA:5.56,"urn:cite:hmt:vaimg.VA063RN-0064@0.168,0.6146,0.464,0.0301"
urn:cts:greekLit:tlg0012.tlg001.msA:5.57,"urn:cite:hmt:vaimg.VA063RN-0064@0.638,0.6123,0.216,0.0376"
urn:cts:greekLit:tlg0012.tlg001.msA:5.58,"urn:cite:hmt:vaimg.VA063RN-0064@0.171,0.6326,0.451,0.0293"
urn:cts:greekLit:tlg0012.tlg001.msA:5.59,"urn:cite:hmt:vaimg.VA063RN-0064@0.175,0.6514,0.451,0.0293"
urn:cts:greekLit:tlg0012.tlg001.msA:5.60,"urn:cite:hmt:vaimg.VA063RN-0064@0.172,0.6724,0.457,0.027"
urn:cts:greekLit:tlg0012.tlg001.msA:5.61,"urn:cite:hmt:vaimg.VA063VN-0565@0.458,0.2126,0.423,0.0353"
urn:cts:greekLit:tlg0012.tlg001.msA:5.62,"urn:cite:hmt:vaimg.VA063VN-0565@0.457,0.2299,0.407,0.0331"
urn:cts:greekLit:tlg0012.tlg001.msA:5.63,"urn:cite:hmt:vaimg.VA063VN-0565@0.457,0.2524,0.408,0.0293"
urn:cts:greekLit:tlg0012.tlg001.msA:5.64,"urn:cite:hmt:vaimg.VA063VN-0565@0.458,0.2727,0.399,0.0248"
urn:cts:greekLit:tlg0012.tlg001.msA:5.65,"urn:cite:hmt:vaimg.VA063VN-0565@0.458,0.2915,0.423,0.0278"
urn:cts:greekLit:tlg0012.tlg001.msA:5.66,"urn:cite:hmt:vaimg.VA063VN-0565@0.46,0.3073,0.402,0.0301"
urn:cts:greekLit:tlg0012.tlg001.msA:5.67,"urn:cite:hmt:vaimg.VA063VN-0565@0.46,0.3261,0.41,0.0316"
urn:cts:greekLit:tlg0012.tlg001.msA:5.68,"urn:cite:hmt:vaimg.VA063VN-0565@0.466,0.3434,0.448,0.0346"
urn:cts:greekLit:tlg0012.tlg001.msA:5.69,"urn:cite:hmt:vaimg.VA063VN-0565@0.463,0.3636,0.392,0.0331"
urn:cts:greekLit:tlg0012.tlg001.msA:5.70,"urn:cite:hmt:vaimg.VA063VN-0565@0.464,0.3809,0.432,0.0293"
urn:cts:greekLit:tlg0012.tlg001.msA:5.71,"urn:cite:hmt:vaimg.VA063VN-0565@0.461,0.4005,0.382,0.0301"
urn:cts:greekLit:tlg0012.tlg001.msA:5.72,"urn:cite:hmt:vaimg.VA063VN-0565@0.468,0.4162,0.402,0.0346"
urn:cts:greekLit:tlg0012.tlg001.msA:5.73,"urn:cite:hmt:vaimg.VA063VN-0565@0.467,0.435,0.394,0.0331"
urn:cts:greekLit:tlg0012.tlg001.msA:5.74,"urn:cite:hmt:vaimg.VA063VN-0565@0.463,0.4523,0.419,0.0353"
urn:cts:greekLit:tlg0012.tlg001.msA:5.75,"urn:cite:hmt:vaimg.VA063VN-0565@0.463,0.4703,0.437,0.0338"
urn:cts:greekLit:tlg0012.tlg001.msA:5.76,"urn:cite:hmt:vaimg.VA063VN-0565@0.462,0.4899,0.405,0.0361"
urn:cts:greekLit:tlg0012.tlg001.msA:5.77,"urn:cite:hmt:vaimg.VA063VN-0565@0.464,0.5094,0.436,0.0346"
urn:cts:greekLit:tlg0012.tlg001.msA:5.78,"urn:cite:hmt:vaimg.VA063VN-0565@0.463,0.5304,0.408,0.0331"
urn:cts:greekLit:tlg0012.tlg001.msA:5.79,"urn:cite:hmt:vaimg.VA063VN-0565@0.464,0.5492,0.432,0.0331"
urn:cts:greekLit:tlg0012.tlg001.msA:5.80,"urn:cite:hmt:vaimg.VA063VN-0565@0.466,0.5695,0.451,0.0353"
urn:cts:greekLit:tlg0012.tlg001.msA:5.81,"urn:cite:hmt:vaimg.VA063VN-0565@0.466,0.5928,0.438,0.0323"
urn:cts:greekLit:tlg0012.tlg001.msA:5.82,"urn:cite:hmt:vaimg.VA063VN-0565@0.465,0.6108,0.436,0.0308"
urn:cts:greekLit:tlg0012.tlg001.msA:5.83,"urn:cite:hmt:vaimg.VA063VN-0565@0.472,0.6273,0.438,0.0338"
urn:cts:greekLit:tlg0012.tlg001.msA:5.84,"urn:cite:hmt:vaimg.VA063VN-0565@0.463,0.6491,0.428,0.0331"
urn:cts:greekLit:tlg0012.tlg001.msA:5.85,"urn:cite:hmt:vaimg.VA063VN-0565@0.468,0.6672,0.411,0.0323"
urn:cts:greekLit:tlg0012.tlg001.msA:5.86,"urn:cite:hmt:vaimg.VA064RN-0065@0.19,0.2149,0.402,0.0383"
urn:cts:greekLit:tlg0012.tlg001.msA:5.87,"urn:cite:hmt:vaimg.VA064RN-0065@0.181,0.2337,0.427,0.0361"
urn:cts:greekLit:tlg0012.tlg001.msA:5.88,"urn:cite:hmt:vaimg.VA064RN-0065@0.179,0.2547,0.436,0.0331"
urn:cts:greekLit:tlg0012.tlg001.msA:5.89,"urn:cite:hmt:vaimg.VA064RN-0065@0.178,0.2727,0.45,0.0353"
urn:cts:greekLit:tlg0012.tlg001.msA:5.90,"urn:cite:hmt:vaimg.VA064RN-0065@0.187,0.29,0.38,0.0353"
urn:cts:greekLit:tlg0012.tlg001.msA:5.91,"urn:cite:hmt:vaimg.VA064RN-0065@0.185,0.3088,0.426,0.0376"
urn:cts:greekLit:tlg0012.tlg001.msA:5.92,"urn:cite:hmt:vaimg.VA064RN-0065@0.181,0.3306,0.434,0.0338"
urn:cts:greekLit:tlg0012.tlg001.msA:5.93,"urn:cite:hmt:vaimg.VA064RN-0065@0.181,0.3509,0.41,0.0338"
urn:cts:greekLit:tlg0012.tlg001.msA:5.94,"urn:cite:hmt:vaimg.VA064RN-0065@0.179,0.3666,0.436,0.0353"
urn:cts:greekLit:tlg0012.tlg001.msA:5.95,"urn:cite:hmt:vaimg.VA064RN-0065@0.177,0.3854,0.42,0.0361"
urn:cts:greekLit:tlg0012.tlg001.msA:5.96,"urn:cite:hmt:vaimg.VA064RN-0065@0.175,0.4042,0.438,0.0338"
urn:cts:greekLit:tlg0012.tlg001.msA:5.97,"urn:cite:hmt:vaimg.VA064RN-0065@0.178,0.4215,0.405,0.0346"
urn:cts:greekLit:tlg0012.tlg001.msA:5.98,"urn:cite:hmt:vaimg.VA064RN-0065@0.182,0.4395,0.413,0.0391"
urn:cts:greekLit:tlg0012.tlg001.msA:5.99,"urn:cite:hmt:vaimg.VA064RN-0065@0.177,0.4606,0.411,0.0338"
urn:cts:greekLit:tlg0012.tlg001.msA:5.100,"urn:cite:hmt:vaimg.VA064RN-0065@0.178,0.4786,0.423,0.0398"
urn:cts:greekLit:tlg0012.tlg001.msA:5.101,"urn:cite:hmt:vaimg.VA064RN-0065@0.18,0.4981,0.433,0.0331"
urn:cts:greekLit:tlg0012.tlg001.msA:5.102,"urn:cite:hmt:vaimg.VA064RN-0065@0.182,0.5169,0.418,0.0346"
urn:cts:greekLit:tlg0012.tlg001.msA:5.103,"urn:cite:hmt:vaimg.VA064RN-0065@0.188,0.5364,0.384,0.0368"
urn:cts:greekLit:tlg0012.tlg001.msA:5.104,"urn:cite:hmt:vaimg.VA064RN-0065@0.182,0.5537,0.431,0.0383"
urn:cts:greekLit:tlg0012.tlg001.msA:5.105,"urn:cite:hmt:vaimg.VA064RN-0065@0.186,0.5778,0.433,0.0346"
urn:cts:greekLit:tlg0012.tlg001.msA:5.106,"urn:cite:hmt:vaimg.VA064RN-0065@0.174,0.5988,0.456,0.0331"
urn:cts:greekLit:tlg0012.tlg001.msA:5.107,"urn:cite:hmt:vaimg.VA064RN-0065@0.182,0.6183,0.409,0.0308"
urn:cts:greekLit:tlg0012.tlg001.msA:5.108,"urn:cite:hmt:vaimg.VA064RN-0065@0.182,0.6356,0.422,0.0331"
urn:cts:greekLit:tlg0012.tlg001.msA:5.109,"urn:cite:hmt:vaimg.VA064RN-0065@0.182,0.6544,0.42,0.0383"
urn:cts:greekLit:tlg0012.tlg001.msA:5.110,"urn:cite:hmt:vaimg.VA064RN-0065@0.178,0.6747,0.402,0.0368"
urn:cts:greekLit:tlg0012.tlg001.msA:5.111,"urn:cite:hmt:vaimg.VA064VN-0566@0.448,0.2209,0.438,0.0323"
urn:cts:greekLit:tlg0012.tlg001.msA:5.112,"urn:cite:hmt:vaimg.VA064VN-0566@0.449,0.2397,0.428,0.0376"
urn:cts:greekLit:tlg0012.tlg001.msA:5.113,"urn:cite:hmt:vaimg.VA064VN-0566@0.451,0.2607,0.412,0.0346"
urn:cts:greekLit:tlg0012.tlg001.msA:5.114,"urn:cite:hmt:vaimg.VA064VN-0566@0.448,0.2757,0.431,0.0353"
urn:cts:greekLit:tlg0012.tlg001.msA:5.115,"urn:cite:hmt:vaimg.VA064VN-0566@0.454,0.2945,0.39,0.0383"
urn:cts:greekLit:tlg0012.tlg001.msA:5.116,"urn:cite:hmt:vaimg.VA064VN-0566@0.456,0.3133,0.427,0.0346"
urn:cts:greekLit:tlg0012.tlg001.msA:5.117,"urn:cite:hmt:vaimg.VA064VN-0566@0.452,0.3328,0.418,0.0361"
urn:cts:greekLit:tlg0012.tlg001.msA:5.118,"urn:cite:hmt:vaimg.VA064VN-0566@0.453,0.3501,0.44,0.0368"
urn:cts:greekLit:tlg0012.tlg001.msA:5.119,"urn:cite:hmt:vaimg.VA064VN-0566@0.456,0.3689,0.433,0.0361"
urn:cts:greekLit:tlg0012.tlg001.msA:5.120,"urn:cite:hmt:vaimg.VA064VN-0566@0.449,0.3877,0.392,0.0361"
urn:cts:greekLit:tlg0012.tlg001.msA:5.121,"urn:cite:hmt:vaimg.VA064VN-0566@0.458,0.402,0.444,0.0383"
urn:cts:greekLit:tlg0012.tlg001.msA:5.122,"urn:cite:hmt:vaimg.VA064VN-0566@0.462,0.42,0.451,0.0383"
urn:cts:greekLit:tlg0012.tlg001.msA:5.123,"urn:cite:hmt:vaimg.VA064VN-0566@0.455,0.4403,0.408,0.0376"
urn:cts:greekLit:tlg0012.tlg001.msA:5.124,"urn:cite:hmt:vaimg.VA064VN-0566@0.459,0.4613,0.405,0.0368"
urn:cts:greekLit:tlg0012.tlg001.msA:5.125,"urn:cite:hmt:vaimg.VA064VN-0566@0.465,0.4801,0.382,0.0338"
urn:cts:greekLit:tlg0012.tlg001.msA:5.126,"urn:cite:hmt:vaimg.VA064VN-0566@0.462,0.4899,0.425,0.0421"
urn:cts:greekLit:tlg0012.tlg001.msA:5.127,"urn:cite:hmt:vaimg.VA064VN-0566@0.462,0.5131,0.419,0.0413"
urn:cts:greekLit:tlg0012.tlg001.msA:5.128,"urn:cite:hmt:vaimg.VA064VN-0566@0.464,0.5334,0.413,0.0398"
urn:cts:greekLit:tlg0012.tlg001.msA:5.129,"urn:cite:hmt:vaimg.VA064VN-0566@0.461,0.5522,0.44,0.0383"
urn:cts:greekLit:tlg0012.tlg001.msA:5.130,"urn:cite:hmt:vaimg.VA064VN-0566@0.464,0.571,0.405,0.0413"
urn:cts:greekLit:tlg0012.tlg001.msA:5.131,"urn:cite:hmt:vaimg.VA064VN-0566@0.458,0.592,0.444,0.0383"
urn:cts:greekLit:tlg0012.tlg001.msA:5.132,"urn:cite:hmt:vaimg.VA064VN-0566@0.468,0.6131,0.429,0.0383"
urn:cts:greekLit:tlg0012.tlg001.msA:5.133,"urn:cite:hmt:vaimg.VA064VN-0566@0.469,0.6326,0.438,0.0353"
urn:cts:greekLit:tlg0012.tlg001.msA:5.134,"urn:cite:hmt:vaimg.VA064VN-0566@0.462,0.6521,0.434,0.0361"
urn:cts:greekLit:tlg0012.tlg001.msA:5.135,"urn:cite:hmt:vaimg.VA064VN-0566@0.473,0.6709,0.434,0.0361"
urn:cts:greekLit:tlg0012.tlg001.msA:5.136,"urn:cite:hmt:vaimg.VA065RN-0066@0.163,0.2201,0.448,0.0361"
urn:cts:greekLit:tlg0012.tlg001.msA:5.137,"urn:cite:hmt:vaimg.VA065RN-0066@0.175,0.2389,0.399,0.0361"
urn:cts:greekLit:tlg0012.tlg001.msA:5.138,"urn:cite:hmt:vaimg.VA065RN-0066@0.174,0.26,0.429,0.0376"
urn:cts:greekLit:tlg0012.tlg001.msA:5.139,"urn:cite:hmt:vaimg.VA065RN-0066@0.173,0.2817,0.441,0.0346"
urn:cts:greekLit:tlg0012.tlg001.msA:5.140,"urn:cite:hmt:vaimg.VA065RN-0066@0.174,0.2983,0.444,0.0391"
urn:cts:greekLit:tlg0012.tlg001.msA:5.141,"urn:cite:hmt:vaimg.VA065RN-0066@0.172,0.3186,0.405,0.0361"
urn:cts:greekLit:tlg0012.tlg001.msA:5.142,"urn:cite:hmt:vaimg.VA065RN-0066@0.173,0.3381,0.435,0.0361"
urn:cts:greekLit:tlg0012.tlg001.msA:5.143,"urn:cite:hmt:vaimg.VA065RN-0066@0.173,0.3599,0.449,0.0316"
urn:cts:greekLit:tlg0012.tlg001.msA:5.144,"urn:cite:hmt:vaimg.VA065RN-0066@0.168,0.3749,0.449,0.0346"
urn:cts:greekLit:tlg0012.tlg001.msA:5.145,"urn:cite:hmt:vaimg.VA065RN-0066@0.166,0.3959,0.42,0.0338"
urn:cts:greekLit:tlg0012.tlg001.msA:5.146,"urn:cite:hmt:vaimg.VA065RN-0066@0.167,0.4132,0.439,0.0338"
urn:cts:greekLit:tlg0012.tlg001.msA:5.147,"urn:cite:hmt:vaimg.VA065RN-0066@0.166,0.4343,0.462,0.0338"
urn:cts:greekLit:tlg0012.tlg001.msA:5.148,"urn:cite:hmt:vaimg.VA065RN-0066@0.165,0.456,0.455,0.0323"
urn:cts:greekLit:tlg0012.tlg001.msA:5.149,"urn:cite:hmt:vaimg.VA065RN-0066@0.172,0.4733,0.427,0.0331"
urn:cts:greekLit:tlg0012.tlg001.msA:5.150,"urn:cite:hmt:vaimg.VA065RN-0066@0.167,0.4929,0.448,0.0316"
urn:cts:greekLit:tlg0012.tlg001.msA:5.151,"urn:cite:hmt:vaimg.VA065RN-0066@0.166,0.5094,0.437,0.0353"
urn:cts:greekLit:tlg0012.tlg001.msA:5.152,"urn:cite:hmt:vaimg.VA065RN-0066@0.169,0.5289,0.442,0.0376"
urn:cts:greekLit:tlg0012.tlg001.msA:5.153,"urn:cite:hmt:vaimg.VA065RN-0066@0.169,0.5462,0.405,0.0376"
urn:cts:greekLit:tlg0012.tlg001.msA:5.154,"urn:cite:hmt:vaimg.VA065RN-0066@0.168,0.5672,0.424,0.0353"
urn:cts:greekLit:tlg0012.tlg001.msA:5.155,"urn:cite:hmt:vaimg.VA065RN-0066@0.166,0.5853,0.432,0.0383"
urn:cts:greekLit:tlg0012.tlg001.msA:5.156,"urn:cite:hmt:vaimg.VA065RN-0066@0.167,0.6063,0.436,0.0368"
urn:cts:greekLit:tlg0012.tlg001.msA:5.157,"urn:cite:hmt:vaimg.VA065RN-0066@0.161,0.6258,0.412,0.0361"
urn:cts:greekLit:tlg0012.tlg001.msA:5.158,"urn:cite:hmt:vaimg.VA065RN-0066@0.167,0.6431,0.412,0.0361"
urn:cts:greekLit:tlg0012.tlg001.msA:5.159,"urn:cite:hmt:vaimg.VA065RN-0066@0.162,0.6619,0.418,0.0361"
urn:cts:greekLit:tlg0012.tlg001.msA:5.160,"urn:cite:hmt:vaimg.VA065RN-0066@0.157,0.6844,0.461,0.0361"
urn:cts:greekLit:tlg0012.tlg001.msA:5.161,"urn:cite:hmt:vaimg.VA065VN-0567@0.47,0.2254,0.394,0.0308"
urn:cts:greekLit:tlg0012.tlg001.msA:5.162,"urn:cite:hmt:vaimg.VA065VN-0567@0.474,0.2457,0.412,0.0338"
urn:cts:greekLit:tlg0012.tlg001.msA:5.163,"urn:cite:hmt:vaimg.VA065VN-0567@0.473,0.2652,0.387,0.0316"
urn:cts:greekLit:tlg0012.tlg001.msA:5.164,"urn:cite:hmt:vaimg.VA065VN-0567@0.473,0.2847,0.419,0.0301"
urn:cts:greekLit:tlg0012.tlg001.msA:5.165,"urn:cite:hmt:vaimg.VA065VN-0567@0.473,0.305,0.414,0.0323"
urn:cts:greekLit:tlg0012.tlg001.msA:5.166,"urn:cite:hmt:vaimg.VA065VN-0567@0.473,0.3231,0.422,0.0331"
urn:cts:greekLit:tlg0012.tlg001.msA:5.167,"urn:cite:hmt:vaimg.VA065VN-0567@0.475,0.3403,0.411,0.0323"
urn:cts:greekLit:tlg0012.tlg001.msA:5.168,"urn:cite:hmt:vaimg.VA065VN-0567@0.474,0.3614,0.424,0.0323"
urn:cts:greekLit:tlg0012.tlg001.msA:5.169,"urn:cite:hmt:vaimg.VA065VN-0567@0.476,0.3809,0.405,0.0316"
urn:cts:greekLit:tlg0012.tlg001.msA:5.170,"urn:cite:hmt:vaimg.VA065VN-0567@0.474,0.3974,0.393,0.0316"
urn:cts:greekLit:tlg0012.tlg001.msA:5.171,"urn:cite:hmt:vaimg.VA065VN-0567@0.467,0.4147,0.413,0.0361"
urn:cts:greekLit:tlg0012.tlg001.msA:5.172,"urn:cite:hmt:vaimg.VA065VN-0567@0.476,0.4343,0.414,0.0353"
urn:cts:greekLit:tlg0012.tlg001.msA:5.173,"urn:cite:hmt:vaimg.VA065VN-0567@0.474,0.4553,0.417,0.0323"
urn:cts:greekLit:tlg0012.tlg001.msA:5.174,"urn:cite:hmt:vaimg.VA065VN-0567@0.474,0.4703,0.431,0.0383"
urn:cts:greekLit:tlg0012.tlg001.msA:5.175,"urn:cite:hmt:vaimg.VA065VN-0567@0.473,0.4914,0.419,0.0323"
urn:cts:greekLit:tlg0012.tlg001.msA:5.176,"urn:cite:hmt:vaimg.VA065VN-0567@0.47,0.5071,0.438,0.0383"
urn:cts:greekLit:tlg0012.tlg001.msA:5.177,"urn:cite:hmt:vaimg.VA065VN-0567@0.476,0.5289,0.399,0.0361"
urn:cts:greekLit:tlg0012.tlg001.msA:5.178,"urn:cite:hmt:vaimg.VA065VN-0567@0.473,0.5477,0.405,0.0353"
urn:cts:greekLit:tlg0012.tlg001.msA:5.179,"urn:cite:hmt:vaimg.VA065VN-0567@0.474,0.5597,0.435,0.0428"
urn:cts:greekLit:tlg0012.tlg001.msA:5.180,"urn:cite:hmt:vaimg.VA065VN-0567@0.475,0.5853,0.415,0.0368"
urn:cts:greekLit:tlg0012.tlg001.msA:5.181,"urn:cite:hmt:vaimg.VA065VN-0567@0.478,0.6041,0.414,0.0361"
urn:cts:greekLit:tlg0012.tlg001.msA:5.182,"urn:cite:hmt:vaimg.VA065VN-0567@0.48,0.6258,0.408,0.0323"
urn:cts:greekLit:tlg0012.tlg001.msA:5.183,"urn:cite:hmt:vaimg.VA065VN-0567@0.484,0.6439,0.414,0.0361"
urn:cts:greekLit:tlg0012.tlg001.msA:5.184,"urn:cite:hmt:vaimg.VA065VN-0567@0.484,0.6604,0.405,0.0361"
urn:cts:greekLit:tlg0012.tlg001.msA:5.185,"urn:cite:hmt:vaimg.VA065VN-0567@0.484,0.6799,0.415,0.0383"
urn:cts:greekLit:tlg0012.tlg001.msA:5.186,"urn:cite:hmt:vaimg.VA066RN-0067@0.161,0.2201,0.433,0.0338"
urn:cts:greekLit:tlg0012.tlg001.msA:5.187,"urn:cite:hmt:vaimg.VA066RN-0067@0.162,0.2412,0.425,0.0353"
urn:cts:greekLit:tlg0012.tlg001.msA:5.188,"urn:cite:hmt:vaimg.VA066RN-0067@0.161,0.2585,0.412,0.0338"
urn:cts:greekLit:tlg0012.tlg001.msA:5.189,"urn:cite:hmt:vaimg.VA066RN-0067@0.155,0.278,0.366,0.0361"
urn:cts:greekLit:tlg0012.tlg001.msA:5.190,"urn:cite:hmt:vaimg.VA066RN-0067@0.161,0.3005,0.388,0.0316"
urn:cts:greekLit:tlg0012.tlg001.msA:5.191,"urn:cite:hmt:vaimg.VA066RN-0067@0.159,0.3193,0.435,0.0338"
urn:cts:greekLit:tlg0012.tlg001.msA:5.192,"urn:cite:hmt:vaimg.VA066RN-0067@0.157,0.3343,0.427,0.0338"
urn:cts:greekLit:tlg0012.tlg001.msA:5.193,"urn:cite:hmt:vaimg.VA066RN-0067@0.157,0.3569,0.44,0.0353"
urn:cts:greekLit:tlg0012.tlg001.msA:5.194,"urn:cite:hmt:vaimg.VA066RN-0067@0.157,0.3772,0.433,0.0323"
urn:cts:greekLit:tlg0012.tlg001.msA:5.195,"urn:cite:hmt:vaimg.VA066RN-0067@0.149,0.402,0.455,0.0255"
urn:cts:greekLit:tlg0012.tlg001.msA:5.196,"urn:cite:hmt:vaimg.VA066RN-0067@0.151,0.4155,0.404,0.0331"
urn:cts:greekLit:tlg0012.tlg001.msA:5.197,"urn:cite:hmt:vaimg.VA066RN-0067@0.157,0.4328,0.435,0.0376"
urn:cts:greekLit:tlg0012.tlg001.msA:5.198,"urn:cite:hmt:vaimg.VA066RN-0067@0.154,0.453,0.428,0.0323"
urn:cts:greekLit:tlg0012.tlg001.msA:5.199,"urn:cite:hmt:vaimg.VA066RN-0067@0.154,0.4741,0.432,0.0308"
urn:cts:greekLit:tlg0012.tlg001.msA:5.200,"urn:cite:hmt:vaimg.VA066RN-0067@0.156,0.4936,0.432,0.0308"
urn:cts:greekLit:tlg0012.tlg001.msA:5.201,"urn:cite:hmt:vaimg.VA066RN-0067@0.154,0.5131,0.435,0.0308"
urn:cts:greekLit:tlg0012.tlg001.msA:5.202,"urn:cite:hmt:vaimg.VA066RN-0067@0.151,0.5319,0.412,0.0301"
urn:cts:greekLit:tlg0012.tlg001.msA:5.203,"urn:cite:hmt:vaimg.VA066RN-0067@0.151,0.553,0.436,0.0301"
urn:cts:greekLit:tlg0012.tlg001.msA:5.204,"urn:cite:hmt:vaimg.VA066RN-0067@0.153,0.571,0.401,0.0301"
urn:cts:greekLit:tlg0012.tlg001.msA:5.205,"urn:cite:hmt:vaimg.VA066RN-0067@0.147,0.592,0.475,0.0301"
urn:cts:greekLit:tlg0012.tlg001.msA:5.206,"urn:cite:hmt:vaimg.VA066RN-0067@0.15,0.6093,0.35,0.0301"
urn:cts:greekLit:tlg0012.tlg001.msA:5.207,"urn:cite:hmt:vaimg.VA066RN-0067@0.144,0.6258,0.423,0.0338"
urn:cts:greekLit:tlg0012.tlg001.msA:5.208,"urn:cite:hmt:vaimg.VA066RN-0067@0.153,0.6469,0.416,0.0316"
urn:cts:greekLit:tlg0012.tlg001.msA:5.209,"urn:cite:hmt:vaimg.VA066RN-0067@0.147,0.6694,0.434,0.0301"
urn:cts:greekLit:tlg0012.tlg001.msA:5.210,"urn:cite:hmt:vaimg.VA066RN-0067@0.154,0.6875,0.425,0.0301"
urn:cts:greekLit:tlg0012.tlg001.msA:5.211,"urn:cite:hmt:vaimg.VA066VN-0568@0.462,0.2299,0.408,0.0316"
urn:cts:greekLit:tlg0012.tlg001.msA:5.212,"urn:cite:hmt:vaimg.VA066VN-0568@0.464,0.2509,0.39,0.0316"
urn:cts:greekLit:tlg0012.tlg001.msA:5.213,"urn:cite:hmt:vaimg.VA066VN-0568@0.463,0.2697,0.445,0.0316"
urn:cts:greekLit:tlg0012.tlg001.msA:5.214,"urn:cite:hmt:vaimg.VA066VN-0568@0.462,0.2885,0.445,0.0316"
urn:cts:greekLit:tlg0012.tlg001.msA:5.215,"urn:cite:hmt:vaimg.VA066VN-0568@0.466,0.3073,0.41,0.0316"
urn:cts:greekLit:tlg0012.tlg001.msA:5.216,"urn:cite:hmt:vaimg.VA066VN-0568@0.46,0.3246,0.41,0.0316"
urn:cts:greekLit:tlg0012.tlg001.msA:5.217,"urn:cite:hmt:vaimg.VA066VN-0568@0.46,0.3449,0.41,0.0301"
urn:cts:greekLit:tlg0012.tlg001.msA:5.218,"urn:cite:hmt:vaimg.VA066VN-0568@0.47,0.3606,0.41,0.0301"
urn:cts:greekLit:tlg0012.tlg001.msA:5.219,"urn:cite:hmt:vaimg.VA066VN-0568@0.46,0.3802,0.439,0.0301"
urn:cts:greekLit:tlg0012.tlg001.msA:5.220,"urn:cite:hmt:vaimg.VA066VN-0568@0.466,0.3997,0.408,0.0301"
urn:cts:greekLit:tlg0012.tlg001.msA:5.221,"urn:cite:hmt:vaimg.VA066VN-0568@0.463,0.4185,0.408,0.0301"
urn:cts:greekLit:tlg0012.tlg001.msA:5.222,"urn:cite:hmt:vaimg.VA066VN-0568@0.464,0.4395,0.355,0.0285"
urn:cts:greekLit:tlg0012.tlg001.msA:5.223,"urn:cite:hmt:vaimg.VA066VN-0568@0.465,0.4515,0.453,0.0323"
urn:cts:greekLit:tlg0012.tlg001.msA:5.224,"urn:cite:hmt:vaimg.VA066VN-0568@0.461,0.4733,0.421,0.0308"
urn:cts:greekLit:tlg0012.tlg001.msA:5.225,"urn:cite:hmt:vaimg.VA066VN-0568@0.466,0.4936,0.421,0.0308"
urn:cts:greekLit:tlg0012.tlg001.msA:5.226,"urn:cite:hmt:vaimg.VA066VN-0568@0.465,0.5116,0.405,0.0308"
urn:cts:greekLit:tlg0012.tlg001.msA:5.227,"urn:cite:hmt:vaimg.VA066VN-0568@0.468,0.5297,0.447,0.0308"
urn:cts:greekLit:tlg0012.tlg001.msA:5.228,"urn:cite:hmt:vaimg.VA066VN-0568@0.471,0.55,0.425,0.0308"
urn:cts:greekLit:tlg0012.tlg001.msA:5.229,"urn:cite:hmt:vaimg.VA066VN-0568@0.468,0.5672,0.425,0.0308"
urn:cts:greekLit:tlg0012.tlg001.msA:5.230,"urn:cite:hmt:vaimg.VA066VN-0568@0.471,0.5875,0.425,0.0308"
urn:cts:greekLit:tlg0012.tlg001.msA:5.231,"urn:cite:hmt:vaimg.VA066VN-0568@0.475,0.6063,0.425,0.0308"
urn:cts:greekLit:tlg0012.tlg001.msA:5.232,"urn:cite:hmt:vaimg.VA066VN-0568@0.476,0.6213,0.431,0.0331"
urn:cts:greekLit:tlg0012.tlg001.msA:5.233,"urn:cite:hmt:vaimg.VA066VN-0568@0.472,0.6409,0.431,0.0331"
urn:cts:greekLit:tlg0012.tlg001.msA:5.234,"urn:cite:hmt:vaimg.VA066VN-0568@0.478,0.6612,0.437,0.0331"
urn:cts:greekLit:tlg0012.tlg001.msA:5.235,"urn:cite:hmt:vaimg.VA066VN-0568@0.475,0.6829,0.389,0.0331"
urn:cts:greekLit:tlg0012.tlg001.msA:5.236,"urn:cite:hmt:vaimg.VA067RN-0068@0.185,0.2194,0.414,0.0331"
urn:cts:greekLit:tlg0012.tlg001.msA:5.237,"urn:cite:hmt:vaimg.VA067RN-0068@0.176,0.2397,0.421,0.0331"
urn:cts:greekLit:tlg0012.tlg001.msA:5.238,"urn:cite:hmt:vaimg.VA067RN-0068@0.174,0.2585,0.383,0.0338"
urn:cts:greekLit:tlg0012.tlg001.msA:5.239,"urn:cite:hmt:vaimg.VA067RN-0068@0.178,0.278,0.413,0.0285"
urn:cts:greekLit:tlg0012.tlg001.msA:5.240,"urn:cite:hmt:vaimg.VA067RN-0068@0.177,0.2975,0.413,0.0285"
urn:cts:greekLit:tlg0012.tlg001.msA:5.241,"urn:cite:hmt:vaimg.VA067RN-0068@0.173,0.3156,0.413,0.0293"
urn:cts:greekLit:tlg0012.tlg001.msA:5.242,"urn:cite:hmt:vaimg.VA067RN-0068@0.175,0.3343,0.413,0.0293"
urn:cts:greekLit:tlg0012.tlg001.msA:5.243,"urn:cite:hmt:vaimg.VA067RN-0068@0.171,0.3539,0.413,0.0293"
urn:cts:greekLit:tlg0012.tlg001.msA:5.244,"urn:cite:hmt:vaimg.VA067RN-0068@0.174,0.3727,0.413,0.0293"
urn:cts:greekLit:tlg0012.tlg001.msA:5.245,"urn:cite:hmt:vaimg.VA067RN-0068@0.174,0.3922,0.413,0.0293"
urn:cts:greekLit:tlg0012.tlg001.msA:5.246,"urn:cite:hmt:vaimg.VA067RN-0068@0.174,0.4132,0.413,0.0293"
urn:cts:greekLit:tlg0012.tlg001.msA:5.247,"urn:cite:hmt:vaimg.VA067RN-0068@0.174,0.4335,0.343,0.0293"
urn:cts:greekLit:tlg0012.tlg001.msA:5.248,"urn:cite:hmt:vaimg.VA067RN-0068@0.174,0.4493,0.418,0.0316"
urn:cts:greekLit:tlg0012.tlg001.msA:5.249,"urn:cite:hmt:vaimg.VA067RN-0068@0.174,0.4718,0.394,0.0316"
urn:cts:greekLit:tlg0012.tlg001.msA:5.250,"urn:cite:hmt:vaimg.VA067RN-0068@0.173,0.4914,0.448,0.0316"
urn:cts:greekLit:tlg0012.tlg001.msA:5.251,"urn:cite:hmt:vaimg.VA067RN-0068@0.174,0.5094,0.454,0.0316"
urn:cts:greekLit:tlg0012.tlg001.msA:5.252,"urn:cite:hmt:vaimg.VA067RN-0068@0.173,0.5267,0.436,0.0316"
urn:cts:greekLit:tlg0012.tlg001.msA:5.253,"urn:cite:hmt:vaimg.VA067RN-0068@0.179,0.5477,0.388,0.0316"
urn:cts:greekLit:tlg0012.tlg001.msA:5.254,"urn:cite:hmt:vaimg.VA067RN-0068@0.175,0.5672,0.448,0.0316"
urn:cts:greekLit:tlg0012.tlg001.msA:5.255,"urn:cite:hmt:vaimg.VA067RN-0068@0.176,0.5868,0.434,0.0316"
urn:cts:greekLit:tlg0012.tlg001.msA:5.256,"urn:cite:hmt:vaimg.VA067RN-0068@0.175,0.6033,0.451,0.0316"
urn:cts:greekLit:tlg0012.tlg001.msA:5.257,"urn:cite:hmt:vaimg.VA067RN-0068@0.171,0.6243,0.418,0.0278"
urn:cts:greekLit:tlg0012.tlg001.msA:5.258,"urn:cite:hmt:vaimg.VA067RN-0068@0.177,0.6431,0.424,0.0316"
urn:cts:greekLit:tlg0012.tlg001.msA:5.259,"urn:cite:hmt:vaimg.VA067RN-0068@0.176,0.6619,0.424,0.0316"
urn:cts:greekLit:tlg0012.tlg001.msA:5.260,"urn:cite:hmt:vaimg.VA067RN-0068@0.177,0.6822,0.404,0.0398"
urn:cts:greekLit:tlg0012.tlg001.msA:5.261,"urn:cite:hmt:vaimg.VA067VN-0569@0.482,0.2209,0.418,0.0323"
urn:cts:greekLit:tlg0012.tlg001.msA:5.262,"urn:cite:hmt:vaimg.VA067VN-0569@0.48,0.2434,0.381,0.0278"
urn:cts:greekLit:tlg0012.tlg001.msA:5.263,"urn:cite:hmt:vaimg.VA067VN-0569@0.483,0.2607,0.381,0.0338"
urn:cts:greekLit:tlg0012.tlg001.msA:5.264,"urn:cite:hmt:vaimg.VA067VN-0569@0.478,0.2795,0.412,0.0338"
urn:cts:greekLit:tlg0012.tlg001.msA:5.265,"urn:cite:hmt:vaimg.VA067VN-0569@0.477,0.3005,0.417,0.0338"
urn:cts:greekLit:tlg0012.tlg001.msA:5.266,"urn:cite:hmt:vaimg.VA067VN-0569@0.47,0.3201,0.417,0.0338"
urn:cts:greekLit:tlg0012.tlg001.msA:5.267,"urn:cite:hmt:vaimg.VA067VN-0569@0.473,0.3381,0.345,0.0338"
urn:cts:greekLit:tlg0012.tlg001.msA:5.268,"urn:cite:hmt:vaimg.VA067VN-0569@0.48,0.3546,0.405,0.0338"
urn:cts:greekLit:tlg0012.tlg001.msA:5.269,"urn:cite:hmt:vaimg.VA067VN-0569@0.478,0.3757,0.426,0.0338"
urn:cts:greekLit:tlg0012.tlg001.msA:5.270,"urn:cite:hmt:vaimg.VA067VN-0569@0.485,0.3937,0.399,0.0338"
urn:cts:greekLit:tlg0012.tlg001.msA:5.271,"urn:cite:hmt:vaimg.VA067VN-0569@0.48,0.414,0.436,0.0338"
urn:cts:greekLit:tlg0012.tlg001.msA:5.272,"urn:cite:hmt:vaimg.VA067VN-0569@0.478,0.432,0.404,0.0338"
urn:cts:greekLit:tlg0012.tlg001.msA:5.273,"urn:cite:hmt:vaimg.VA067VN-0569@0.487,0.4508,0.423,0.0338"
urn:cts:greekLit:tlg0012.tlg001.msA:5.274,"urn:cite:hmt:vaimg.VA067VN-0569@0.483,0.4718,0.401,0.0263"
urn:cts:greekLit:tlg0012.tlg001.msA:5.275,"urn:cite:hmt:vaimg.VA067VN-0569@0.477,0.4869,0.439,0.0361"
urn:cts:greekLit:tlg0012.tlg001.msA:5.276,"urn:cite:hmt:vaimg.VA067VN-0569@0.482,0.5056,0.439,0.0361"
urn:cts:greekLit:tlg0012.tlg001.msA:5.277,"urn:cite:hmt:vaimg.VA067VN-0569@0.478,0.5297,0.414,0.027"
urn:cts:greekLit:tlg0012.tlg001.msA:5.278,"urn:cite:hmt:vaimg.VA067VN-0569@0.486,0.5462,0.427,0.0308"
urn:cts:greekLit:tlg0012.tlg001.msA:5.279,"urn:cite:hmt:vaimg.VA067VN-0569@0.486,0.565,0.377,0.0301"
urn:cts:greekLit:tlg0012.tlg001.msA:5.280,"urn:cite:hmt:vaimg.VA067VN-0569@0.487,0.58,0.42,0.0316"
urn:cts:greekLit:tlg0012.tlg001.msA:5.281,"urn:cite:hmt:vaimg.VA067VN-0569@0.49,0.6011,0.406,0.0316"
urn:cts:greekLit:tlg0012.tlg001.msA:5.282,"urn:cite:hmt:vaimg.VA067VN-0569@0.491,0.6176,0.409,0.0361"
urn:cts:greekLit:tlg0012.tlg001.msA:5.283,"urn:cite:hmt:vaimg.VA067VN-0569@0.491,0.6349,0.425,0.0368"
urn:cts:greekLit:tlg0012.tlg001.msA:5.284,"urn:cite:hmt:vaimg.VA067VN-0569@0.492,0.6536,0.405,0.0368"
urn:cts:greekLit:tlg0012.tlg001.msA:5.285,"urn:cite:hmt:vaimg.VA067VN-0569@0.487,0.6732,0.431,0.0368"
urn:cts:greekLit:tlg0012.tlg001.msA:5.286,"urn:cite:hmt:vaimg.VA068RN-0069@0.161,0.2059,0.446,0.0308"
urn:cts:greekLit:tlg0012.tlg001.msA:5.287,"urn:cite:hmt:vaimg.VA068RN-0069@0.167,0.2246,0.409,0.0308"
urn:cts:greekLit:tlg0012.tlg001.msA:5.288,"urn:cite:hmt:vaimg.VA068RN-0069@0.164,0.2449,0.421,0.0308"
urn:cts:greekLit:tlg0012.tlg001.msA:5.289,"urn:cite:hmt:vaimg.VA068RN-0069@0.167,0.2645,0.404,0.0308"
urn:cts:greekLit:tlg0012.tlg001.msA:5.290,"urn:cite:hmt:vaimg.VA068RN-0069@0.167,0.281,0.422,0.0308"
urn:cts:greekLit:tlg0012.tlg001.msA:5.291,"urn:cite:hmt:vaimg.VA068RN-0069@0.17,0.3005,0.446,0.0308"
urn:cts:greekLit:tlg0012.tlg001.msA:5.292,"urn:cite:hmt:vaimg.VA068RN-0069@0.163,0.3201,0.466,0.0308"
urn:cts:greekLit:tlg0012.tlg001.msA:5.293,"urn:cite:hmt:vaimg.VA068RN-0069@0.165,0.3388,0.425,0.0308"
urn:cts:greekLit:tlg0012.tlg001.msA:5.294,"urn:cite:hmt:vaimg.VA068RN-0069@0.167,0.3591,0.425,0.0308"
urn:cts:greekLit:tlg0012.tlg001.msA:5.295,"urn:cite:hmt:vaimg.VA068RN-0069@0.162,0.3772,0.431,0.0308"
urn:cts:greekLit:tlg0012.tlg001.msA:5.296,"urn:cite:hmt:vaimg.VA068RN-0069@0.162,0.3922,0.416,0.0308"
urn:cts:greekLit:tlg0012.tlg001.msA:5.297,"urn:cite:hmt:vaimg.VA068RN-0069@0.164,0.411,0.45,0.0308"
urn:cts:greekLit:tlg0012.tlg001.msA:5.298,"urn:cite:hmt:vaimg.VA068RN-0069@0.158,0.4313,0.45,0.0308"
urn:cts:greekLit:tlg0012.tlg001.msA:5.299,"urn:cite:hmt:vaimg.VA068RN-0069@0.161,0.4485,0.45,0.0308"
urn:cts:greekLit:tlg0012.tlg001.msA:5.300,"urn:cite:hmt:vaimg.VA068RN-0069@0.157,0.4688,0.45,0.0308"
urn:cts:greekLit:tlg0012.tlg001.msA:5.301,"urn:cite:hmt:vaimg.VA068RN-0069@0.157,0.4876,0.45,0.0308"
urn:cts:greekLit:tlg0012.tlg001.msA:5.302,"urn:cite:hmt:vaimg.VA068RN-0069@0.158,0.5086,0.45,0.0308"
urn:cts:greekLit:tlg0012.tlg001.msA:5.303,"urn:cite:hmt:vaimg.VA068RN-0069@0.159,0.5274,0.45,0.0308"
urn:cts:greekLit:tlg0012.tlg001.msA:5.304,"urn:cite:hmt:vaimg.VA068RN-0069@0.159,0.5485,0.45,0.0308"
urn:cts:greekLit:tlg0012.tlg001.msA:5.305,"urn:cite:hmt:vaimg.VA068RN-0069@0.159,0.5665,0.45,0.0308"
urn:cts:greekLit:tlg0012.tlg001.msA:5.306,"urn:cite:hmt:vaimg.VA068RN-0069@0.157,0.586,0.45,0.0308"
urn:cts:greekLit:tlg0012.tlg001.msA:5.307,"urn:cite:hmt:vaimg.VA068RN-0069@0.161,0.6063,0.45,0.0308"
urn:cts:greekLit:tlg0012.tlg001.msA:5.308,"urn:cite:hmt:vaimg.VA068RN-0069@0.162,0.6243,0.43,0.0308"
urn:cts:greekLit:tlg0012.tlg001.msA:5.309,"urn:cite:hmt:vaimg.VA068RN-0069@0.169,0.6424,0.43,0.0308"
urn:cts:greekLit:tlg0012.tlg001.msA:5.310,"urn:cite:hmt:vaimg.VA068RN-0069@0.161,0.6634,0.43,0.0308"
urn:cts:greekLit:tlg0012.tlg001.msA:5.311,"urn:cite:hmt:vaimg.VA068VN-0570@0.468,0.2096,0.426,0.0316"
urn:cts:greekLit:tlg0012.tlg001.msA:5.312,"urn:cite:hmt:vaimg.VA068VN-0570@0.463,0.2299,0.4,0.0316"
urn:cts:greekLit:tlg0012.tlg001.msA:5.313,"urn:cite:hmt:vaimg.VA068VN-0570@0.472,0.2509,0.393,0.0316"
urn:cts:greekLit:tlg0012.tlg001.msA:5.314,"urn:cite:hmt:vaimg.VA068VN-0570@0.468,0.2682,0.409,0.0316"
urn:cts:greekLit:tlg0012.tlg001.msA:5.315,"urn:cite:hmt:vaimg.VA068VN-0570@0.466,0.2885,0.401,0.0316"
urn:cts:greekLit:tlg0012.tlg001.msA:5.316,"urn:cite:hmt:vaimg.VA068VN-0570@0.469,0.3065,0.41,0.0316"
urn:cts:greekLit:tlg0012.tlg001.msA:5.317,"urn:cite:hmt:vaimg.VA068VN-0570@0.463,0.3261,0.397,0.0316"
urn:cts:greekLit:tlg0012.tlg001.msA:5.318,"urn:cite:hmt:vaimg.VA068VN-0570@0.475,0.3441,0.385,0.0316"
urn:cts:greekLit:tlg0012.tlg001.msA:5.319,"urn:cite:hmt:vaimg.VA068VN-0570@0.476,0.3614,0.363,0.0316"
urn:cts:greekLit:tlg0012.tlg001.msA:5.320,"urn:cite:hmt:vaimg.VA068VN-0570@0.474,0.3787,0.406,0.0316"
urn:cts:greekLit:tlg0012.tlg001.msA:5.321,"urn:cite:hmt:vaimg.VA068VN-0570@0.473,0.3944,0.422,0.0316"
urn:cts:greekLit:tlg0012.tlg001.msA:5.322,"urn:cite:hmt:vaimg.VA068VN-0570@0.475,0.4132,0.413,0.0316"
urn:cts:greekLit:tlg0012.tlg001.msA:5.323,"urn:cite:hmt:vaimg.VA068VN-0570@0.469,0.4305,0.391,0.0316"
urn:cts:greekLit:tlg0012.tlg001.msA:5.324,"urn:cite:hmt:vaimg.VA068VN-0570@0.467,0.4493,0.403,0.0316"
urn:cts:greekLit:tlg0012.tlg001.msA:5.325,"urn:cite:hmt:vaimg.VA068VN-0570@0.466,0.4696,0.42,0.0308"
urn:cts:greekLit:tlg0012.tlg001.msA:5.326,"urn:cite:hmt:vaimg.VA068VN-0570@0.473,0.4869,0.391,0.0308"
urn:cts:greekLit:tlg0012.tlg001.msA:5.327,"urn:cite:hmt:vaimg.VA068VN-0570@0.477,0.5079,0.439,0.0308"
urn:cts:greekLit:tlg0012.tlg001.msA:5.328,"urn:cite:hmt:vaimg.VA068VN-0570@0.473,0.5267,0.402,0.0308"
urn:cts:greekLit:tlg0012.tlg001.msA:5.329,"urn:cite:hmt:vaimg.VA068VN-0570@0.475,0.5432,0.432,0.0308"
urn:cts:greekLit:tlg0012.tlg001.msA:5.330,"urn:cite:hmt:vaimg.VA068VN-0570@0.476,0.5635,0.432,0.0308"
urn:cts:greekLit:tlg0012.tlg001.msA:5.331,"urn:cite:hmt:vaimg.VA068VN-0570@0.477,0.5838,0.428,0.0338"
urn:cts:greekLit:tlg0012.tlg001.msA:5.332,"urn:cite:hmt:vaimg.VA068VN-0570@0.481,0.6003,0.428,0.0338"
urn:cts:greekLit:tlg0012.tlg001.msA:5.333,"urn:cite:hmt:vaimg.VA068VN-0570@0.481,0.6221,0.384,0.0293"
urn:cts:greekLit:tlg0012.tlg001.msA:5.334,"urn:cite:hmt:vaimg.VA068VN-0570@0.481,0.6416,0.425,0.0293"
urn:cts:greekLit:tlg0012.tlg001.msA:5.335,"urn:cite:hmt:vaimg.VA068VN-0570@0.481,0.6612,0.391,0.0293"
urn:cts:greekLit:tlg0012.tlg001.msA:5.336,"urn:cite:hmt:vaimg.VA069RN-0070@0.183,0.2194,0.335,0.0293"
urn:cts:greekLit:tlg0012.tlg001.msA:5.337,"urn:cite:hmt:vaimg.VA069RN-0070@0.18,0.2367,0.346,0.0293"
urn:cts:greekLit:tlg0012.tlg001.msA:5.338,"urn:cite:hmt:vaimg.VA069RN-0070@0.178,0.2569,0.368,0.0293"
urn:cts:greekLit:tlg0012.tlg001.msA:5.339,"urn:cite:hmt:vaimg.VA069RN-0070@0.178,0.2757,0.368,0.0293"
urn:cts:greekLit:tlg0012.tlg001.msA:5.340,"urn:cite:hmt:vaimg.VA069RN-0070@0.176,0.2923,0.318,0.0293"
urn:cts:greekLit:tlg0012.tlg001.msA:5.341,"urn:cite:hmt:vaimg.VA069RN-0070@0.178,0.3103,0.335,0.0293"
urn:cts:greekLit:tlg0012.tlg001.msA:5.342,"urn:cite:hmt:vaimg.VA069RN-0070@0.179,0.3283,0.344,0.0293"
urn:cts:greekLit:tlg0012.tlg001.msA:5.343,"urn:cite:hmt:vaimg.VA069RN-0070@0.176,0.3456,0.306,0.0293"
urn:cts:greekLit:tlg0012.tlg001.msA:5.344,"urn:cite:hmt:vaimg.VA069RN-0070@0.181,0.3606,0.354,0.0293"
urn:cts:greekLit:tlg0012.tlg001.msA:5.345,"urn:cite:hmt:vaimg.VA069RN-0070@0.179,0.3847,0.345,0.0293"
urn:cts:greekLit:tlg0012.tlg001.msA:5.346,"urn:cite:hmt:vaimg.VA069RN-0070@0.175,0.3997,0.329,0.0293"
urn:cts:greekLit:tlg0012.tlg001.msA:5.347,"urn:cite:hmt:vaimg.VA069RN-0070@0.173,0.4162,0.34,0.0293"
urn:cts:greekLit:tlg0012.tlg001.msA:5.348,"urn:cite:hmt:vaimg.VA069RN-0070@0.177,0.435,0.326,0.0293"
urn:cts:greekLit:tlg0012.tlg001.msA:5.349,"urn:cite:hmt:vaimg.VA069RN-0070@0.179,0.4523,0.355,0.0293"
urn:cts:greekLit:tlg0012.tlg001.msA:5.350,"urn:cite:hmt:vaimg.VA069RN-0070@0.169,0.4696,0.34,0.0293"
urn:cts:greekLit:tlg0012.tlg001.msA:5.351,"urn:cite:hmt:vaimg.VA069RN-0070@0.181,0.4891,0.326,0.0293"
urn:cts:greekLit:tlg0012.tlg001.msA:5.352,"urn:cite:hmt:vaimg.VA069RN-0070@0.16,0.5041,0.354,0.0293"
urn:cts:greekLit:tlg0012.tlg001.msA:5.353,"urn:cite:hmt:vaimg.VA069RN-0070@0.182,0.5214,0.354,0.0293"
urn:cts:greekLit:tlg0012.tlg001.msA:5.354,"urn:cite:hmt:vaimg.VA069RN-0070@0.175,0.5402,0.354,0.0293"
urn:cts:greekLit:tlg0012.tlg001.msA:5.355,"urn:cite:hmt:vaimg.VA069RN-0070@0.172,0.5597,0.354,0.0293"
urn:cts:greekLit:tlg0012.tlg001.msA:5.356,"urn:cite:hmt:vaimg.VA069RN-0070@0.179,0.5763,0.341,0.0293"
urn:cts:greekLit:tlg0012.tlg001.msA:5.357,"urn:cite:hmt:vaimg.VA069RN-0070@0.176,0.5935,0.292,0.0293"
urn:cts:greekLit:tlg0012.tlg001.msA:5.358,"urn:cite:hmt:vaimg.VA069RN-0070@0.182,0.6108,0.339,0.0293"
urn:cts:greekLit:tlg0012.tlg001.msA:5.359,"urn:cite:hmt:vaimg.VA069RN-0070@0.166,0.6296,0.365,0.0293"
urn:cts:greekLit:tlg0012.tlg001.msA:5.360,"urn:cite:hmt:vaimg.VA069RN-0070@0.183,0.6476,0.342,0.0278"
urn:cts:greekLit:tlg0012.tlg001.msA:5.361,"urn:cite:hmt:vaimg.VA069VN-0571@0.484,0.2254,0.325,0.0301"
urn:cts:greekLit:tlg0012.tlg001.msA:5.362,"urn:cite:hmt:vaimg.VA069VN-0571@0.484,0.2472,0.325,0.0301"
urn:cts:greekLit:tlg0012.tlg001.msA:5.363,"urn:cite:hmt:vaimg.VA069VN-0571@0.474,0.263,0.345,0.027"
urn:cts:greekLit:tlg0012.tlg001.msA:5.364,"urn:cite:hmt:vaimg.VA069VN-0571@0.486,0.2817,0.317,0.0248"
urn:cts:greekLit:tlg0012.tlg001.msA:5.365,"urn:cite:hmt:vaimg.VA069VN-0571@0.485,0.299,0.327,0.0248"
urn:cts:greekLit:tlg0012.tlg001.msA:5.366,"urn:cite:hmt:vaimg.VA069VN-0571@0.487,0.3163,0.327,0.0248"
urn:cts:greekLit:tlg0012.tlg001.msA:5.367,"urn:cite:hmt:vaimg.VA069VN-0571@0.487,0.3321,0.333,0.027"
urn:cts:greekLit:tlg0012.tlg001.msA:5.368,"urn:cite:hmt:vaimg.VA069VN-0571@0.482,0.3494,0.324,0.027"
urn:cts:greekLit:tlg0012.tlg001.msA:5.369,"urn:cite:hmt:vaimg.VA069VN-0571@0.483,0.3681,0.353,0.027"
urn:cts:greekLit:tlg0012.tlg001.msA:5.370,"urn:cite:hmt:vaimg.VA069VN-0571@0.481,0.3862,0.312,0.027"
urn:cts:greekLit:tlg0012.tlg001.msA:5.371,"urn:cite:hmt:vaimg.VA069VN-0571@0.487,0.3997,0.336,0.0331"
urn:cts:greekLit:tlg0012.tlg001.msA:5.372,"urn:cite:hmt:vaimg.VA069VN-0571@0.483,0.414,0.367,0.0331"
urn:cts:greekLit:tlg0012.tlg001.msA:5.373,"urn:cite:hmt:vaimg.VA069VN-0571@0.482,0.435,0.346,0.0285"
urn:cts:greekLit:tlg0012.tlg001.msA:5.374,"urn:cite:hmt:vaimg.VA069VN-0571@0.487,0.453,0.332,0.0285"
urn:cts:greekLit:tlg0012.tlg001.msA:5.375,"urn:cite:hmt:vaimg.VA069VN-0571@0.479,0.4711,0.327,0.0285"
urn:cts:greekLit:tlg0012.tlg001.msA:5.376,"urn:cite:hmt:vaimg.VA069VN-0571@0.489,0.4876,0.327,0.0285"
urn:cts:greekLit:tlg0012.tlg001.msA:5.377,"urn:cite:hmt:vaimg.VA069VN-0571@0.491,0.5056,0.327,0.0285"
urn:cts:greekLit:tlg0012.tlg001.msA:5.378,"urn:cite:hmt:vaimg.VA069VN-0571@0.495,0.5207,0.327,0.0285"
urn:cts:greekLit:tlg0012.tlg001.msA:5.379,"urn:cite:hmt:vaimg.VA069VN-0571@0.491,0.5379,0.314,0.0285"
urn:cts:greekLit:tlg0012.tlg001.msA:5.380,"urn:cite:hmt:vaimg.VA069VN-0571@0.492,0.5567,0.318,0.0285"
urn:cts:greekLit:tlg0012.tlg001.msA:5.381,"urn:cite:hmt:vaimg.VA069VN-0571@0.478,0.5763,0.318,0.0285"
urn:cts:greekLit:tlg0012.tlg001.msA:5.382,"urn:cite:hmt:vaimg.VA069VN-0571@0.492,0.5905,0.358,0.0285"
urn:cts:greekLit:tlg0012.tlg001.msA:5.383,"urn:cite:hmt:vaimg.VA069VN-0571@0.494,0.6093,0.342,0.0285"
urn:cts:greekLit:tlg0012.tlg001.msA:5.384,"urn:cite:hmt:vaimg.VA069VN-0571@0.487,0.6281,0.342,0.0285"
urn:cts:greekLit:tlg0012.tlg001.msA:5.385,"urn:cite:hmt:vaimg.VA069VN-0571@0.493,0.6386,0.359,0.0316"
urn:cts:greekLit:tlg0012.tlg001.msA:5.386,"urn:cite:hmt:vaimg.VA070RN-0071@0.18,0.2276,0.32,0.0263"
urn:cts:greekLit:tlg0012.tlg001.msA:5.387,"urn:cite:hmt:vaimg.VA070RN-0071@0.18,0.2434,0.365,0.0263"
urn:cts:greekLit:tlg0012.tlg001.msA:5.388,"urn:cite:hmt:vaimg.VA070RN-0071@0.181,0.26,0.32,0.0278"
urn:cts:greekLit:tlg0012.tlg001.msA:5.389,"urn:cite:hmt:vaimg.VA070RN-0071@0.181,0.2765,0.276,0.0278"
urn:cts:greekLit:tlg0012.tlg001.msA:5.390,"urn:cite:hmt:vaimg.VA070RN-0071@0.182,0.2915,0.319,0.0285"
urn:cts:greekLit:tlg0012.tlg001.msA:5.391,"urn:cite:hmt:vaimg.VA070RN-0071@0.182,0.3125,0.338,0.0278"
urn:cts:greekLit:tlg0012.tlg001.msA:5.392,"urn:cite:hmt:vaimg.VA070RN-0071@0.172,0.3298,0.354,0.0308"
urn:cts:greekLit:tlg0012.tlg001.msA:5.393,"urn:cite:hmt:vaimg.VA070RN-0071@0.179,0.3479,0.282,0.0308"
urn:cts:greekLit:tlg0012.tlg001.msA:5.394,"urn:cite:hmt:vaimg.VA070RN-0071@0.181,0.3651,0.336,0.0301"
urn:cts:greekLit:tlg0012.tlg001.msA:5.395,"urn:cite:hmt:vaimg.VA070RN-0071@0.171,0.3824,0.314,0.0331"
urn:cts:greekLit:tlg0012.tlg001.msA:5.396,"urn:cite:hmt:vaimg.VA070RN-0071@0.18,0.3997,0.293,0.0308"
urn:cts:greekLit:tlg0012.tlg001.msA:5.397,"urn:cite:hmt:vaimg.VA070RN-0071@0.178,0.4177,0.341,0.0285"
urn:cts:greekLit:tlg0012.tlg001.msA:5.398,"urn:cite:hmt:vaimg.VA070RN-0071@0.178,0.4358,0.357,0.0285"
urn:cts:greekLit:tlg0012.tlg001.msA:5.399,"urn:cite:hmt:vaimg.VA070RN-0071@0.178,0.456,0.357,0.0285"
urn:cts:greekLit:tlg0012.tlg001.msA:5.400,"urn:cite:hmt:vaimg.VA070RN-0071@0.173,0.4718,0.334,0.0285"
urn:cts:greekLit:tlg0012.tlg001.msA:5.401,"urn:cite:hmt:vaimg.VA070RN-0071@0.168,0.4891,0.353,0.0285"
urn:cts:greekLit:tlg0012.tlg001.msA:5.402,"urn:cite:hmt:vaimg.VA070RN-0071@0.18,0.5071,0.342,0.0285"
urn:cts:greekLit:tlg0012.tlg001.msA:5.403,"urn:cite:hmt:vaimg.VA070RN-0071@0.174,0.5244,0.375,0.0285"
urn:cts:greekLit:tlg0012.tlg001.msA:5.404,"urn:cite:hmt:vaimg.VA070RN-0071@0.177,0.5417,0.33,0.0293"
urn:cts:greekLit:tlg0012.tlg001.msA:5.405,"urn:cite:hmt:vaimg.VA070RN-0071@0.164,0.5582,0.351,0.0308"
urn:cts:greekLit:tlg0012.tlg001.msA:5.406,"urn:cite:hmt:vaimg.VA070RN-0071@0.173,0.5785,0.351,0.0308"
urn:cts:greekLit:tlg0012.tlg001.msA:5.407,"urn:cite:hmt:vaimg.VA070RN-0071@0.172,0.5958,0.338,0.0316"
urn:cts:greekLit:tlg0012.tlg001.msA:5.408,"urn:cite:hmt:vaimg.VA070RN-0071@0.176,0.6131,0.345,0.0293"
urn:cts:greekLit:tlg0012.tlg001.msA:5.409,"urn:cite:hmt:vaimg.VA070RN-0071@0.172,0.6311,0.345,0.0293"
urn:cts:greekLit:tlg0012.tlg001.msA:5.410,"urn:cite:hmt:vaimg.VA070RN-0071@0.162,0.6491,0.345,0.0293"
urn:cts:greekLit:tlg0012.tlg001.msA:5.411,"urn:cite:hmt:vaimg.VA070VN-0572@0.494,0.2292,0.288,0.0293"
urn:cts:greekLit:tlg0012.tlg001.msA:5.412,"urn:cite:hmt:vaimg.VA070VN-0572@0.492,0.2472,0.288,0.0293"
urn:cts:greekLit:tlg0012.tlg001.msA:5.413,"urn:cite:hmt:vaimg.VA070VN-0572@0.495,0.263,0.288,0.0293"
urn:cts:greekLit:tlg0012.tlg001.msA:5.414,"urn:cite:hmt:vaimg.VA070VN-0572@0.496,0.2817,0.329,0.0293"
urn:cts:greekLit:tlg0012.tlg001.msA:5.415,"urn:cite:hmt:vaimg.VA070VN-0572@0.498,0.2983,0.307,0.0293"
urn:cts:greekLit:tlg0012.tlg001.msA:5.416,"urn:cite:hmt:vaimg.VA070VN-0572@0.492,0.3133,0.339,0.0293"
urn:cts:greekLit:tlg0012.tlg001.msA:5.417,"urn:cite:hmt:vaimg.VA070VN-0572@0.493,0.3328,0.339,0.0293"
urn:cts:greekLit:tlg0012.tlg001.msA:5.418,"urn:cite:hmt:vaimg.VA070VN-0572@0.488,0.3509,0.299,0.0293"
urn:cts:greekLit:tlg0012.tlg001.msA:5.419,"urn:cite:hmt:vaimg.VA070VN-0572@0.498,0.3681,0.328,0.0293"
urn:cts:greekLit:tlg0012.tlg001.msA:5.420,"urn:cite:hmt:vaimg.VA070VN-0572@0.494,0.3869,0.304,0.0293"
urn:cts:greekLit:tlg0012.tlg001.msA:5.421,"urn:cite:hmt:vaimg.VA070VN-0572@0.483,0.402,0.365,0.0293"
urn:cts:greekLit:tlg0012.tlg001.msA:5.422,"urn:cite:hmt:vaimg.VA070VN-0572@0.5,0.4207,0.31,0.0293"
urn:cts:greekLit:tlg0012.tlg001.msA:5.423,"urn:cite:hmt:vaimg.VA070VN-0572@0.5,0.438,0.328,0.0293"
urn:cts:greekLit:tlg0012.tlg001.msA:5.424,"urn:cite:hmt:vaimg.VA070VN-0572@0.499,0.456,0.328,0.0293"
urn:cts:greekLit:tlg0012.tlg001.msA:5.425,"urn:cite:hmt:vaimg.VA070VN-0572@0.5,0.4726,0.337,0.0338"
urn:cts:greekLit:tlg0012.tlg001.msA:5.426,"urn:cite:hmt:vaimg.VA070VN-0572@0.487,0.4906,0.348,0.0338"
urn:cts:greekLit:tlg0012.tlg001.msA:5.427,"urn:cite:hmt:vaimg.VA070VN-0572@0.503,0.5064,0.36,0.0338"
urn:cts:greekLit:tlg0012.tlg001.msA:5.428,"urn:cite:hmt:vaimg.VA070VN-0572@0.495,0.5252,0.333,0.0316"
urn:cts:greekLit:tlg0012.tlg001.msA:5.429,"urn:cite:hmt:vaimg.VA070VN-0572@0.504,0.5424,0.344,0.0316"
urn:cts:greekLit:tlg0012.tlg001.msA:5.430,"urn:cite:hmt:vaimg.VA070VN-0572@0.501,0.5567,0.345,0.0338"
urn:cts:greekLit:tlg0012.tlg001.msA:5.431,"urn:cite:hmt:vaimg.VA070VN-0572@0.488,0.5823,0.333,0.0255"
urn:cts:greekLit:tlg0012.tlg001.msA:5.432,"urn:cite:hmt:vaimg.VA070VN-0572@0.501,0.598,0.325,0.0285"
urn:cts:greekLit:tlg0012.tlg001.msA:5.433,"urn:cite:hmt:vaimg.VA070VN-0572@0.506,0.6138,0.346,0.0285"
urn:cts:greekLit:tlg0012.tlg001.msA:5.434,"urn:cite:hmt:vaimg.VA070VN-0572@0.502,0.6289,0.321,0.0308"
urn:cts:greekLit:tlg0012.tlg001.msA:5.435,"urn:cite:hmt:vaimg.VA070VN-0572@0.508,0.6461,0.33,0.0308"
urn:cts:greekLit:tlg0012.tlg001.msA:5.436,"urn:cite:hmt:vaimg.VA071RN-0072@0.174,0.2231,0.372,0.0323"
urn:cts:greekLit:tlg0012.tlg001.msA:5.437,"urn:cite:hmt:vaimg.VA071RN-0072@0.173,0.2427,0.354,0.0323"
urn:cts:greekLit:tlg0012.tlg001.msA:5.440,"urn:cite:hmt:vaimg.VA071RN-0072@0.165,0.2569,0.308,0.0323"
urn:cts:greekLit:tlg0012.tlg001.msA:5.441,"urn:cite:hmt:vaimg.VA071RN-0072@0.177,0.2757,0.32,0.0323"
urn:cts:greekLit:tlg0012.tlg001.msA:5.442,"urn:cite:hmt:vaimg.VA071RN-0072@0.179,0.293,0.369,0.0301"
urn:cts:greekLit:tlg0012.tlg001.msA:5.443,"urn:cite:hmt:vaimg.VA071RN-0072@0.162,0.311,0.355,0.0301"
urn:cts:greekLit:tlg0012.tlg001.msA:5.444,"urn:cite:hmt:vaimg.VA071RN-0072@0.178,0.3298,0.348,0.0301"
urn:cts:greekLit:tlg0012.tlg001.msA:5.445,"urn:cite:hmt:vaimg.VA071RN-0072@0.169,0.3479,0.348,0.0301"
urn:cts:greekLit:tlg0012.tlg001.msA:5.446,"urn:cite:hmt:vaimg.VA071RN-0072@0.178,0.3651,0.326,0.0301"
urn:cts:greekLit:tlg0012.tlg001.msA:5.447,"urn:cite:hmt:vaimg.VA071RN-0072@0.17,0.3817,0.326,0.0301"
urn:cts:greekLit:tlg0012.tlg001.msA:5.448,"urn:cite:hmt:vaimg.VA071RN-0072@0.177,0.3997,0.335,0.0316"
urn:cts:greekLit:tlg0012.tlg001.msA:5.449,"urn:cite:hmt:vaimg.VA071RN-0072@0.167,0.4177,0.345,0.0301"
urn:cts:greekLit:tlg0012.tlg001.msA:5.450,"urn:cite:hmt:vaimg.VA071RN-0072@0.176,0.435,0.32,0.0308"
urn:cts:greekLit:tlg0012.tlg001.msA:5.451,"urn:cite:hmt:vaimg.VA071RN-0072@0.174,0.453,0.328,0.0308"
urn:cts:greekLit:tlg0012.tlg001.msA:5.452,"urn:cite:hmt:vaimg.VA071RN-0072@0.17,0.4703,0.328,0.0308"
urn:cts:greekLit:tlg0012.tlg001.msA:5.453,"urn:cite:hmt:vaimg.VA071RN-0072@0.177,0.4884,0.334,0.0316"
urn:cts:greekLit:tlg0012.tlg001.msA:5.454,"urn:cite:hmt:vaimg.VA071RN-0072@0.163,0.5056,0.376,0.0331"
urn:cts:greekLit:tlg0012.tlg001.msA:5.455,"urn:cite:hmt:vaimg.VA071RN-0072@0.172,0.5244,0.363,0.0323"
urn:cts:greekLit:tlg0012.tlg001.msA:5.456,"urn:cite:hmt:vaimg.VA071RN-0072@0.171,0.5424,0.346,0.0308"
urn:cts:greekLit:tlg0012.tlg001.msA:5.457,"urn:cite:hmt:vaimg.VA071RN-0072@0.173,0.5605,0.339,0.0308"
urn:cts:greekLit:tlg0012.tlg001.msA:5.458,"urn:cite:hmt:vaimg.VA071RN-0072@0.173,0.5755,0.387,0.0361"
urn:cts:greekLit:tlg0012.tlg001.msA:5.459,"urn:cite:hmt:vaimg.VA071RN-0072@0.176,0.595,0.348,0.0338"
urn:cts:greekLit:tlg0012.tlg001.msA:5.460,"urn:cite:hmt:vaimg.VA071RN-0072@0.16,0.6116,0.374,0.0301"
urn:cts:greekLit:tlg0012.tlg001.msA:5.461,"urn:cite:hmt:vaimg.VA071RN-0072@0.175,0.6326,0.358,0.0293"
urn:cts:greekLit:tlg0012.tlg001.msA:5.462,"urn:cite:hmt:vaimg.VA071RN-0072@0.175,0.6484,0.358,0.0293"
urn:cts:greekLit:tlg0012.tlg001.msA:5.463,"urn:cite:hmt:vaimg.VA071VN-0573@0.501,0.2322,0.323,0.024"
urn:cts:greekLit:tlg0012.tlg001.msA:5.464,"urn:cite:hmt:vaimg.VA071VN-0573@0.484,0.2479,0.33,0.027"
urn:cts:greekLit:tlg0012.tlg001.msA:5.465,"urn:cite:hmt:vaimg.VA071VN-0573@0.498,0.263,0.321,0.0308"
urn:cts:greekLit:tlg0012.tlg001.msA:5.466,"urn:cite:hmt:vaimg.VA071VN-0573@0.5,0.278,0.344,0.0308"
urn:cts:greekLit:tlg0012.tlg001.msA:5.467,"urn:cite:hmt:vaimg.VA071VN-0573@0.491,0.2968,0.344,0.0308"
urn:cts:greekLit:tlg0012.tlg001.msA:5.468,"urn:cite:hmt:vaimg.VA071VN-0573@0.506,0.314,0.274,0.0308"
urn:cts:greekLit:tlg0012.tlg001.msA:5.469,"urn:cite:hmt:vaimg.VA071VN-0573@0.493,0.3298,0.369,0.0308"
urn:cts:greekLit:tlg0012.tlg001.msA:5.470,"urn:cite:hmt:vaimg.VA071VN-0573@0.49,0.3486,0.354,0.0316"
urn:cts:greekLit:tlg0012.tlg001.msA:5.471,"urn:cite:hmt:vaimg.VA071VN-0573@0.502,0.3681,0.342,0.0308"
urn:cts:greekLit:tlg0012.tlg001.msA:5.472,"urn:cite:hmt:vaimg.VA071VN-0573@0.502,0.3854,0.342,0.0308"
urn:cts:greekLit:tlg0012.tlg001.msA:5.473,"urn:cite:hmt:vaimg.VA071VN-0573@0.503,0.402,0.362,0.0308"
urn:cts:greekLit:tlg0012.tlg001.msA:5.474,"urn:cite:hmt:vaimg.VA071VN-0573@0.504,0.4207,0.311,0.0278"
urn:cts:greekLit:tlg0012.tlg001.msA:5.475,"urn:cite:hmt:vaimg.VA071VN-0573@0.505,0.4373,0.343,0.0278"
urn:cts:greekLit:tlg0012.tlg001.msA:5.476,"urn:cite:hmt:vaimg.VA071VN-0573@0.505,0.4545,0.349,0.0278"
urn:cts:greekLit:tlg0012.tlg001.msA:5.477,"urn:cite:hmt:vaimg.VA071VN-0573@0.508,0.4726,0.356,0.0278"
urn:cts:greekLit:tlg0012.tlg001.msA:5.478,"urn:cite:hmt:vaimg.VA071VN-0573@0.503,0.4936,0.356,0.0278"
urn:cts:greekLit:tlg0012.tlg001.msA:5.479,"urn:cite:hmt:vaimg.VA071VN-0573@0.506,0.5116,0.302,0.0278"
urn:cts:greekLit:tlg0012.tlg001.msA:5.480,"urn:cite:hmt:vaimg.VA071VN-0573@0.51,0.5259,0.33,0.0278"
urn:cts:greekLit:tlg0012.tlg001.msA:5.481,"urn:cite:hmt:vaimg.VA071VN-0573@0.514,0.5447,0.368,0.0278"
urn:cts:greekLit:tlg0012.tlg001.msA:5.482,"urn:cite:hmt:vaimg.VA071VN-0573@0.501,0.5612,0.355,0.0278"
urn:cts:greekLit:tlg0012.tlg001.msA:5.483,"urn:cite:hmt:vaimg.VA071VN-0573@0.506,0.5793,0.339,0.0278"
urn:cts:greekLit:tlg0012.tlg001.msA:5.484,"urn:cite:hmt:vaimg.VA071VN-0573@0.506,0.5995,0.301,0.0248"
urn:cts:greekLit:tlg0012.tlg001.msA:5.485,"urn:cite:hmt:vaimg.VA071VN-0573@0.511,0.6146,0.321,0.027"
urn:cts:greekLit:tlg0012.tlg001.msA:5.486,"urn:cite:hmt:vaimg.VA071VN-0573@0.509,0.6311,0.321,0.027"
urn:cts:greekLit:tlg0012.tlg001.msA:5.487,"urn:cite:hmt:vaimg.VA071VN-0573@0.507,0.6476,0.346,0.027"
urn:cts:greekLit:tlg0012.tlg001.msA:5.488,"urn:cite:hmt:vaimg.VA072RN-0073@0.184,0.2239,0.346,0.0301"
urn:cts:greekLit:tlg0012.tlg001.msA:5.489,"urn:cite:hmt:vaimg.VA072RN-0073@0.179,0.2404,0.358,0.0308"
urn:cts:greekLit:tlg0012.tlg001.msA:5.490,"urn:cite:hmt:vaimg.VA072RN-0073@0.176,0.2577,0.355,0.0323"
urn:cts:greekLit:tlg0012.tlg001.msA:5.491,"urn:cite:hmt:vaimg.VA072RN-0073@0.176,0.2772,0.34,0.0293"
urn:cts:greekLit:tlg0012.tlg001.msA:5.492,"urn:cite:hmt:vaimg.VA072RN-0073@0.176,0.2953,0.359,0.0293"
urn:cts:greekLit:tlg0012.tlg001.msA:5.493,"urn:cite:hmt:vaimg.VA072RN-0073@0.161,0.3118,0.364,0.0293"
urn:cts:greekLit:tlg0012.tlg001.msA:5.494,"urn:cite:hmt:vaimg.VA072RN-0073@0.178,0.3291,0.334,0.0285"
urn:cts:greekLit:tlg0012.tlg001.msA:5.495,"urn:cite:hmt:vaimg.VA072RN-0073@0.174,0.3471,0.357,0.0301"
urn:cts:greekLit:tlg0012.tlg001.msA:5.496,"urn:cite:hmt:vaimg.VA072RN-0073@0.172,0.3636,0.347,0.0301"
urn:cts:greekLit:tlg0012.tlg001.msA:5.497,"urn:cite:hmt:vaimg.VA072RN-0073@0.173,0.3824,0.337,0.0331"
urn:cts:greekLit:tlg0012.tlg001.msA:5.498,"urn:cite:hmt:vaimg.VA072RN-0073@0.173,0.4035,0.337,0.0293"
urn:cts:greekLit:tlg0012.tlg001.msA:5.499,"urn:cite:hmt:vaimg.VA072RN-0073@0.162,0.4192,0.337,0.0293"
urn:cts:greekLit:tlg0012.tlg001.msA:5.500,"urn:cite:hmt:vaimg.VA072RN-0073@0.175,0.4365,0.327,0.0293"
urn:cts:greekLit:tlg0012.tlg001.msA:5.501,"urn:cite:hmt:vaimg.VA072RN-0073@0.174,0.4545,0.367,0.0338"
urn:cts:greekLit:tlg0012.tlg001.msA:5.502,"urn:cite:hmt:vaimg.VA072RN-0073@0.17,0.4718,0.353,0.0353"
urn:cts:greekLit:tlg0012.tlg001.msA:5.503,"urn:cite:hmt:vaimg.VA072RN-0073@0.168,0.4899,0.365,0.0338"
urn:cts:greekLit:tlg0012.tlg001.msA:5.504,"urn:cite:hmt:vaimg.VA072RN-0073@0.168,0.5079,0.357,0.0293"
urn:cts:greekLit:tlg0012.tlg001.msA:5.505,"urn:cite:hmt:vaimg.VA072RN-0073@0.169,0.5252,0.345,0.0293"
urn:cts:greekLit:tlg0012.tlg001.msA:5.506,"urn:cite:hmt:vaimg.VA072RN-0073@0.169,0.5432,0.345,0.0293"
urn:cts:greekLit:tlg0012.tlg001.msA:5.507,"urn:cite:hmt:vaimg.VA072RN-0073@0.173,0.5627,0.345,0.0285"
urn:cts:greekLit:tlg0012.tlg001.msA:5.508,"urn:cite:hmt:vaimg.VA072RN-0073@0.171,0.58,0.372,0.0285"
urn:cts:greekLit:tlg0012.tlg001.msA:5.509,"urn:cite:hmt:vaimg.VA072RN-0073@0.169,0.5973,0.348,0.0285"
urn:cts:greekLit:tlg0012.tlg001.msA:5.510,"urn:cite:hmt:vaimg.VA072RN-0073@0.17,0.6153,0.348,0.0285"
urn:cts:greekLit:tlg0012.tlg001.msA:5.511,"urn:cite:hmt:vaimg.VA072RN-0073@0.169,0.6334,0.348,0.0285"
urn:cts:greekLit:tlg0012.tlg001.msA:5.512,"urn:cite:hmt:vaimg.VA072RN-0073@0.172,0.6499,0.322,0.0285"
urn:cts:greekLit:tlg0012.tlg001.msA:5.513,"urn:cite:hmt:vaimg.VA072VN-0574@0.498,0.2299,0.315,0.0255"
urn:cts:greekLit:tlg0012.tlg001.msA:5.514,"urn:cite:hmt:vaimg.VA072VN-0574@0.494,0.2464,0.315,0.0255"
urn:cts:greekLit:tlg0012.tlg001.msA:5.515,"urn:cite:hmt:vaimg.VA072VN-0574@0.492,0.2667,0.315,0.0255"
urn:cts:greekLit:tlg0012.tlg001.msA:5.516,"urn:cite:hmt:vaimg.VA072VN-0574@0.497,0.284,0.325,0.0255"
urn:cts:greekLit:tlg0012.tlg001.msA:5.517,"urn:cite:hmt:vaimg.VA072VN-0574@0.496,0.299,0.325,0.0255"
urn:cts:greekLit:tlg0012.tlg001.msA:5.518,"urn:cite:hmt:vaimg.VA072VN-0574@0.499,0.3163,0.325,0.0255"
urn:cts:greekLit:tlg0012.tlg001.msA:5.519,"urn:cite:hmt:vaimg.VA072VN-0574@0.501,0.3321,0.325,0.027"
urn:cts:greekLit:tlg0012.tlg001.msA:5.520,"urn:cite:hmt:vaimg.VA072VN-0574@0.496,0.3486,0.341,0.027"
urn:cts:greekLit:tlg0012.tlg001.msA:5.521,"urn:cite:hmt:vaimg.VA072VN-0574@0.492,0.3696,0.322,0.027"
urn:cts:greekLit:tlg0012.tlg001.msA:5.522,"urn:cite:hmt:vaimg.VA072VN-0574@0.496,0.3847,0.342,0.027"
urn:cts:greekLit:tlg0012.tlg001.msA:5.523,"urn:cite:hmt:vaimg.VA072VN-0574@0.499,0.4042,0.308,0.027"
urn:cts:greekLit:tlg0012.tlg001.msA:5.524,"urn:cite:hmt:vaimg.VA072VN-0574@0.498,0.42,0.336,0.027"
urn:cts:greekLit:tlg0012.tlg001.msA:5.525,"urn:cite:hmt:vaimg.VA072VN-0574@0.498,0.438,0.306,0.0301"
urn:cts:greekLit:tlg0012.tlg001.msA:5.526,"urn:cite:hmt:vaimg.VA072VN-0574@0.495,0.4538,0.306,0.0301"
urn:cts:greekLit:tlg0012.tlg001.msA:5.527,"urn:cite:hmt:vaimg.VA072VN-0574@0.485,0.4711,0.339,0.0301"
urn:cts:greekLit:tlg0012.tlg001.msA:5.528,"urn:cite:hmt:vaimg.VA072VN-0574@0.5,0.4869,0.334,0.0323"
urn:cts:greekLit:tlg0012.tlg001.msA:5.529,"urn:cite:hmt:vaimg.VA072VN-0574@0.489,0.5071,0.334,0.0323"
urn:cts:greekLit:tlg0012.tlg001.msA:5.530,"urn:cite:hmt:vaimg.VA072VN-0574@0.503,0.5214,0.356,0.0323"
urn:cts:greekLit:tlg0012.tlg001.msA:5.531,"urn:cite:hmt:vaimg.VA072VN-0574@0.5,0.5364,0.349,0.0361"
urn:cts:greekLit:tlg0012.tlg001.msA:5.532,"urn:cite:hmt:vaimg.VA072VN-0574@0.503,0.5552,0.349,0.0361"
urn:cts:greekLit:tlg0012.tlg001.msA:5.533,"urn:cite:hmt:vaimg.VA072VN-0574@0.491,0.5725,0.358,0.0353"
urn:cts:greekLit:tlg0012.tlg001.msA:5.534,"urn:cite:hmt:vaimg.VA072VN-0574@0.502,0.595,0.3,0.0293"
urn:cts:greekLit:tlg0012.tlg001.msA:5.535,"urn:cite:hmt:vaimg.VA072VN-0574@0.506,0.6123,0.343,0.0278"
urn:cts:greekLit:tlg0012.tlg001.msA:5.536,"urn:cite:hmt:vaimg.VA072VN-0574@0.506,0.6289,0.325,0.0308"
urn:cts:greekLit:tlg0012.tlg001.msA:5.537,"urn:cite:hmt:vaimg.VA072VN-0574@0.505,0.6461,0.348,0.0331"
urn:cts:greekLit:tlg0012.tlg001.msA:5.538,"IMAGE"
urn:cts:greekLit:tlg0012.tlg001.msA:5.539,"IMAGE"
urn:cts:greekLit:tlg0012.tlg001.msA:5.540,"IMAGE"
urn:cts:greekLit:tlg0012.tlg001.msA:5.541,"IMAGE"
urn:cts:greekLit:tlg0012.tlg001.msA:5.542,"IMAGE"
urn:cts:greekLit:tlg0012.tlg001.msA:5.543,"IMAGE"
urn:cts:greekLit:tlg0012.tlg001.msA:5.544,"IMAGE"
urn:cts:greekLit:tlg0012.tlg001.msA:5.545,"IMAGE"
urn:cts:greekLit:tlg0012.tlg001.msA:5.546,"IMAGE"
urn:cts:greekLit:tlg0012.tlg001.msA:5.547,"IMAGE"
urn:cts:greekLit:tlg0012.tlg001.msA:5.548,"IMAGE"
urn:cts:greekLit:tlg0012.tlg001.msA:5.549,"IMAGE"
urn:cts:greekLit:tlg0012.tlg001.msA:5.550,"IMAGE"
urn:cts:greekLit:tlg0012.tlg001.msA:5.551,"IMAGE"
urn:cts:greekLit:tlg0012.tlg001.msA:5.552,"IMAGE"
urn:cts:greekLit:tlg0012.tlg001.msA:5.553,"IMAGE"
urn:cts:greekLit:tlg0012.tlg001.msA:5.554,"IMAGE"
urn:cts:greekLit:tlg0012.tlg001.msA:5.555,"IMAGE"
urn:cts:greekLit:tlg0012.tlg001.msA:5.556,"IMAGE"
urn:cts:greekLit:tlg0012.tlg001.msA:5.557,"IMAGE"
urn:cts:greekLit:tlg0012.tlg001.msA:5.558,"IMAGE"
urn:cts:greekLit:tlg0012.tlg001.msA:5.559,"IMAGE"
urn:cts:greekLit:tlg0012.tlg001.msA:5.560,"IMAGE"
urn:cts:greekLit:tlg0012.tlg001.msA:5.561,"IMAGE"
urn:cts:greekLit:tlg0012.tlg001.msA:5.562,"IMAGE"
urn:cts:greekLit:tlg0012.tlg001.msA:5.1,"IMAGE URN"
urn:cts:greekLit:tlg0012.tlg001.msA:5.1,"IMAGE URN"
urn:cts:greekLit:tlg0012.tlg001.msA:5.1,"IMAGE URN"
urn:cts:greekLit:tlg0012.tlg001.msA:5.1,"IMAGE URN"
urn:cts:greekLit:tlg0012.tlg001.msA:5.1,"IMAGE URN"
urn:cts:greekLit:tlg0012.tlg001.msA:5.1,"IMAGE URN"
urn:cts:greekLit:tlg0012.tlg001.msA:5.1,"IMAGE URN"
urn:cts:greekLit:tlg0012.tlg001.msA:5.1,"IMAGE URN"
urn:cts:greekLit:tlg0012.tlg001.msA:5.1,"IMAGE URN"
urn:cts:greekLit:tlg0012.tlg001.msA:5.1,"IMAGE URN"
urn:cts:greekLit:tlg0012.tlg001.msA:5.1,"IMAGE URN"
urn:cts:greekLit:tlg0012.tlg001.msA:5.1,"IMAGE URN"
urn:cts:greekLit:tlg0012.tlg001.msA:5.1,"IMAGE URN"
urn:cts:greekLit:tlg0012.tlg001.msA:5.1,"IMAGE URN"
urn:cts:greekLit:tlg0012.tlg001.msA:5.1,"IMAGE URN"
urn:cts:greekLit:tlg0012.tlg001.msA:5.1,"IMAGE URN"
urn:cts:greekLit:tlg0012.tlg001.msA:5.1,"IMAGE URN"
urn:cts:greekLit:tlg0012.tlg001.msA:5.1,"IMAGE URN"
urn:cts:greekLit:tlg0012.tlg001.msA:5.1,"IMAGE URN"
urn:cts:greekLit:tlg0012.tlg001.msA:5.1,"IMAGE URN"
urn:cts:greekLit:tlg0012.tlg001.msA:5.1,"IMAGE URN"
urn:cts:greekLit:tlg0012.tlg001.msA:5.1,"IMAGE URN"
urn:cts:greekLit:tlg0012.tlg001.msA:5.1,"IMAGE URN"
urn:cts:greekLit:tlg0012.tlg001.msA:5.1,"IMAGE URN"
urn:cts:greekLit:tlg0012.tlg001.msA:5.1,"IMAGE URN"
urn:cts:greekLit:tlg0012.tlg001.msA:5.1,"IMAGE URN"
urn:cts:greekLit:tlg0012.tlg001.msA:5.1,"IMAGE URN"
urn:cts:greekLit:tlg0012.tlg001.msA:5.1,"IMAGE URN"
urn:cts:greekLit:tlg0012.tlg001.msA:5.1,"IMAGE URN"
urn:cts:greekLit:tlg0012.tlg001.msA:5.1,"IMAGE URN"
urn:cts:greekLit:tlg0012.tlg001.msA:5.1,"IMAGE URN"
urn:cts:greekLit:tlg0012.tlg001.msA:5.1,"IMAGE URN"
urn:cts:greekLit:tlg0012.tlg001.msA:5.1,"IMAGE URN"
urn:cts:greekLit:tlg0012.tlg001.msA:5.1,"IMAGE URN"
urn:cts:greekLit:tlg0012.tlg001.msA:5.1,"IMAGE URN"
urn:cts:greekLit:tlg0012.tlg001.msA:5.1,"IMAGE URN"
urn:cts:greekLit:tlg0012.tlg001.msA:5.1,"IMAGE URN"
urn:cts:greekLit:tlg0012.tlg001.msA:5.1,"IMAGE URN"
urn:cts:greekLit:tlg0012.tlg001.msA:5.1,"IMAGE URN"
urn:cts:greekLit:tlg0012.tlg001.msA:5.1,"IMAGE URN"
urn:cts:greekLit:tlg0012.tlg001.msA:5.1,"IMAGE URN"
urn:cts:greekLit:tlg0012.tlg001.msA:5.1,"IMAGE URN"
urn:cts:greekLit:tlg0012.tlg001.msA:5.1,"IMAGE URN"
urn:cts:greekLit:tlg0012.tlg001.msA:5.1,"IMAGE URN"
urn:cts:greekLit:tlg0012.tlg001.msA:5.1,"IMAGE URN"
urn:cts:greekLit:tlg0012.tlg001.msA:5.1,"IMAGE URN"
urn:cts:greekLit:tlg0012.tlg001.msA:5.1,"IMAGE URN"
urn:cts:greekLit:tlg0012.tlg001.msA:5.1,"IMAGE URN"
urn:cts:greekLit:tlg0012.tlg001.msA:5.1,"IMAGE URN"
urn:cts:greekLit:tlg0012.tlg001.msA:5.1,"IMAGE URN"
urn:cts:greekLit:tlg0012.tlg001.msA:5.1,"IMAGE URN"
urn:cts:greekLit:tlg0012.tlg001.msA:5.1,"IMAGE URN"
urn:cts:greekLit:tlg0012.tlg001.msA:5.1,"IMAGE URN"
urn:cts:greekLit:tlg0012.tlg001.msA:5.1,"IMAGE URN"
urn:cts:greekLit:tlg0012.tlg001.msA:5.1,"IMAGE URN"
urn:cts:greekLit:tlg0012.tlg001.msA:5.1,"IMAGE URN"
urn:cts:greekLit:tlg0012.tlg001.msA:5.1,"IMAGE URN"
urn:cts:greekLit:tlg0012.tlg001.msA:5.1,"IMAGE URN"
urn:cts:greekLit:tlg0012.tlg001.msA:5.1,"IMAGE URN"
urn:cts:greekLit:tlg0012.tlg001.msA:5.1,"IMAGE URN"
urn:cts:greekLit:tlg0012.tlg001.msA:5.1,"IMAGE URN"
urn:cts:greekLit:tlg0012.tlg001.msA:5.1,"IMAGE URN"
urn:cts:greekLit:tlg0012.tlg001.msA:5.1,"IMAGE URN"
urn:cts:greekLit:tlg0012.tlg001.msA:5.1,"IMAGE URN"
urn:cts:greekLit:tlg0012.tlg001.msA:5.1,"IMAGE URN"
urn:cts:greekLit:tlg0012.tlg001.msA:5.1,"IMAGE URN"
urn:cts:greekLit:tlg0012.tlg001.msA:5.1,"IMAGE URN"
urn:cts:greekLit:tlg0012.tlg001.msA:5.1,"IMAGE URN"
urn:cts:greekLit:tlg0012.tlg001.msA:5.1,"IMAGE URN"
urn:cts:greekLit:tlg0012.tlg001.msA:5.1,"IMAGE URN"
urn:cts:greekLit:tlg0012.tlg001.msA:5.1,"IMAGE URN"
urn:cts:greekLit:tlg0012.tlg001.msA:5.1,"IMAGE URN"
urn:cts:greekLit:tlg0012.tlg001.msA:5.1,"IMAGE URN"
urn:cts:greekLit:tlg0012.tlg001.msA:5.1,"IMAGE URN"
urn:cts:greekLit:tlg0012.tlg001.msA:5.1,"IMAGE URN"
urn:cts:greekLit:tlg0012.tlg001.msA:5.1,"IMAGE URN"
urn:cts:greekLit:tlg0012.tlg001.msA:5.1,"IMAGE URN"
urn:cts:greekLit:tlg0012.tlg001.msA:5.1,"IMAGE URN"
urn:cts:greekLit:tlg0012.tlg001.msA:5.1,"IMAGE URN"
urn:cts:greekLit:tlg0012.tlg001.msA:5.1,"IMAGE URN"
urn:cts:greekLit:tlg0012.tlg001.msA:5.1,"IMAGE URN"
urn:cts:greekLit:tlg0012.tlg001.msA:5.1,"IMAGE URN"
urn:cts:greekLit:tlg0012.tlg001.msA:5.1,"IMAGE URN"
urn:cts:greekLit:tlg0012.tlg001.msA:5.1,"IMAGE URN"
urn:cts:greekLit:tlg0012.tlg001.msA:5.1,"IMAGE URN"
urn:cts:greekLit:tlg0012.tlg001.msA:5.1,"IMAGE URN"
urn:cts:greekLit:tlg0012.tlg001.msA:5.1,"IMAGE URN"
urn:cts:greekLit:tlg0012.tlg001.msA:5.1,"IMAGE URN"
urn:cts:greekLit:tlg0012.tlg001.msA:5.1,"IMAGE URN"
urn:cts:greekLit:tlg0012.tlg001.msA:5.1,"IMAGE URN"
urn:cts:greekLit:tlg0012.tlg001.msA:5.1,"IMAGE URN"
urn:cts:greekLit:tlg0012.tlg001.msA:5.1,"IMAGE URN"
urn:cts:greekLit:tlg0012.tlg001.msA:5.1,"IMAGE URN"
urn:cts:greekLit:tlg0012.tlg001.msA:5.1,"IMAGE URN"
urn:cts:greekLit:tlg0012.tlg001.msA:5.1,"IMAGE URN"
urn:cts:greekLit:tlg0012.tlg001.msA:5.1,"IMAGE URN"
urn:cts:greekLit:tlg0012.tlg001.msA:5.1,"IMAGE URN"
urn:cts:greekLit:tlg0012.tlg001.msA:5.1,"IMAGE URN"
urn:cts:greekLit:tlg0012.tlg001.msA:5.1,"IMAGE URN"
urn:cts:greekLit:tlg0012.tlg001.msA:5.1,"IMAGE URN"
urn:cts:greekLit:tlg0012.tlg001.msA:5.1,"IMAGE URN"
urn:cts:greekLit:tlg0012.tlg001.msA:5.1,"IMAGE URN"
urn:cts:greekLit:tlg0012.tlg001.msA:5.1,"IMAGE URN"
urn:cts:greekLit:tlg0012.tlg001.msA:5.1,"IMAGE URN"
urn:cts:greekLit:tlg0012.tlg001.msA:5.1,"IMAGE URN"
urn:cts:greekLit:tlg0012.tlg001.msA:5.1,"IMAGE URN"
urn:cts:greekLit:tlg0012.tlg001.msA:5.1,"IMAGE URN"
urn:cts:greekLit:tlg0012.tlg001.msA:5.1,"IMAGE URN"
urn:cts:greekLit:tlg0012.tlg001.msA:5.1,"IMAGE URN"
urn:cts:greekLit:tlg0012.tlg001.msA:5.1,"IMAGE URN"
urn:cts:greekLit:tlg0012.tlg001.msA:5.1,"IMAGE URN"
urn:cts:greekLit:tlg0012.tlg001.msA:5.1,"IMAGE URN"
urn:cts:greekLit:tlg0012.tlg001.msA:5.1,"IMAGE URN"
urn:cts:greekLit:tlg0012.tlg001.msA:5.1,"IMAGE URN"
urn:cts:greekLit:tlg0012.tlg001.msA:5.1,"IMAGE URN"
urn:cts:greekLit:tlg0012.tlg001.msA:5.1,"IMAGE URN"
urn:cts:greekLit:tlg0012.tlg001.msA:5.1,"IMAGE URN"
urn:cts:greekLit:tlg0012.tlg001.msA:5.1,"IMAGE URN"
urn:cts:greekLit:tlg0012.tlg001.msA:5.1,"IMAGE URN"
urn:cts:greekLit:tlg0012.tlg001.msA:5.1,"IMAGE URN"
urn:cts:greekLit:tlg0012.tlg001.msA:5.1,"IMAGE URN"
urn:cts:greekLit:tlg0012.tlg001.msA:5.1,"IMAGE URN"
urn:cts:greekLit:tlg0012.tlg001.msA:5.1,"IMAGE URN"
urn:cts:greekLit:tlg0012.tlg001.msA:5.1,"IMAGE URN"
urn:cts:greekLit:tlg0012.tlg001.msA:5.1,"IMAGE URN"
urn:cts:greekLit:tlg0012.tlg001.msA:5.1,"IMAGE URN"
urn:cts:greekLit:tlg0012.tlg001.msA:5.1,"IMAGE URN"
urn:cts:greekLit:tlg0012.tlg001.msA:5.1,"IMAGE URN"
urn:cts:greekLit:tlg0012.tlg001.msA:5.1,"IMAGE URN"
urn:cts:greekLit:tlg0012.tlg001.msA:5.1,"IMAGE URN"
urn:cts:greekLit:tlg0012.tlg001.msA:5.1,"IMAGE URN"
urn:cts:greekLit:tlg0012.tlg001.msA:5.1,"IMAGE URN"
urn:cts:greekLit:tlg0012.tlg001.msA:5.1,"IMAGE URN"
urn:cts:greekLit:tlg0012.tlg001.msA:5.1,"IMAGE URN"
urn:cts:greekLit:tlg0012.tlg001.msA:5.1,"IMAGE URN"
urn:cts:greekLit:tlg0012.tlg001.msA:5.1,"IMAGE URN"
urn:cts:greekLit:tlg0012.tlg001.msA:5.1,"IMAGE URN"
urn:cts:greekLit:tlg0012.tlg001.msA:5.1,"IMAGE URN"
urn:cts:greekLit:tlg0012.tlg001.msA:5.1,"IMAGE URN"
urn:cts:greekLit:tlg0012.tlg001.msA:5.1,"IMAGE URN"
urn:cts:greekLit:tlg0012.tlg001.msA:5.1,"IMAGE URN"
urn:cts:greekLit:tlg0012.tlg001.msA:5.1,"IMAGE URN"
urn:cts:greekLit:tlg0012.tlg001.msA:5.1,"IMAGE URN"
urn:cts:greekLit:tlg0012.tlg001.msA:5.1,"IMAGE URN"
urn:cts:greekLit:tlg0012.tlg001.msA:5.1,"IMAGE URN"
urn:cts:greekLit:tlg0012.tlg001.msA:5.1,"IMAGE URN"
urn:cts:greekLit:tlg0012.tlg001.msA:5.1,"IMAGE URN"
urn:cts:greekLit:tlg0012.tlg001.msA:5.1,"IMAGE URN"
urn:cts:greekLit:tlg0012.tlg001.msA:5.1,"IMAGE URN"
urn:cts:greekLit:tlg0012.tlg001.msA:5.1,"IMAGE URN"
urn:cts:greekLit:tlg0012.tlg001.msA:5.1,"IMAGE URN"
urn:cts:greekLit:tlg0012.tlg001.msA:5.1,"IMAGE URN"
urn:cts:greekLit:tlg0012.tlg001.msA:5.1,"IMAGE URN"
urn:cts:greekLit:tlg0012.tlg001.msA:5.1,"IMAGE URN"
urn:cts:greekLit:tlg0012.tlg001.msA:5.1,"IMAGE URN"
urn:cts:greekLit:tlg0012.tlg001.msA:5.1,"IMAGE URN"
urn:cts:greekLit:tlg0012.tlg001.msA:5.1,"IMAGE URN"
urn:cts:greekLit:tlg0012.tlg001.msA:5.1,"IMAGE URN"
urn:cts:greekLit:tlg0012.tlg001.msA:5.1,"IMAGE URN"
urn:cts:greekLit:tlg0012.tlg001.msA:5.1,"IMAGE URN"
urn:cts:greekLit:tlg0012.tlg001.msA:5.1,"IMAGE URN"
urn:cts:greekLit:tlg0012.tlg001.msA:5.1,"IMAGE URN"
urn:cts:greekLit:tlg0012.tlg001.msA:5.1,"IMAGE URN"
urn:cts:greekLit:tlg0012.tlg001.msA:5.1,"IMAGE URN"
urn:cts:greekLit:tlg0012.tlg001.msA:5.1,"IMAGE URN"
urn:cts:greekLit:tlg0012.tlg001.msA:5.1,"IMAGE URN"
urn:cts:greekLit:tlg0012.tlg001.msA:5.1,"IMAGE URN"
urn:cts:greekLit:tlg0012.tlg001.msA:5.1,"IMAGE URN"
urn:cts:greekLit:tlg0012.tlg001.msA:5.1,"IMAGE URN"
urn:cts:greekLit:tlg0012.tlg001.msA:5.1,"IMAGE URN"
urn:cts:greekLit:tlg0012.tlg001.msA:5.1,"IMAGE URN"
urn:cts:greekLit:tlg0012.tlg001.msA:5.1,"IMAGE URN"
urn:cts:greekLit:tlg0012.tlg001.msA:5.1,"IMAGE URN"
urn:cts:greekLit:tlg0012.tlg001.msA:5.1,"IMAGE URN"
urn:cts:greekLit:tlg0012.tlg001.msA:5.1,"IMAGE URN"
urn:cts:greekLit:tlg0012.tlg001.msA:5.1,"IMAGE URN"
urn:cts:greekLit:tlg0012.tlg001.msA:5.1,"IMAGE URN"
urn:cts:greekLit:tlg0012.tlg001.msA:5.1,"IMAGE URN"
urn:cts:greekLit:tlg0012.tlg001.msA:5.1,"IMAGE URN"
urn:cts:greekLit:tlg0012.tlg001.msA:5.1,"IMAGE URN"
urn:cts:greekLit:tlg0012.tlg001.msA:5.1,"IMAGE URN"
urn:cts:greekLit:tlg0012.tlg001.msA:5.1,"IMAGE URN"
urn:cts:greekLit:tlg0012.tlg001.msA:5.1,"IMAGE URN"
urn:cts:greekLit:tlg0012.tlg001.msA:5.1,"IMAGE URN"
urn:cts:greekLit:tlg0012.tlg001.msA:5.1,"IMAGE URN"
urn:cts:greekLit:tlg0012.tlg001.msA:5.1,"IMAGE URN"
urn:cts:greekLit:tlg0012.tlg001.msA:5.1,"IMAGE URN"
urn:cts:greekLit:tlg0012.tlg001.msA:5.1,"IMAGE URN"
urn:cts:greekLit:tlg0012.tlg001.msA:5.1,"IMAGE URN"
urn:cts:greekLit:tlg0012.tlg001.msA:5.1,"IMAGE URN"
urn:cts:greekLit:tlg0012.tlg001.msA:5.1,"IMAGE URN"
urn:cts:greekLit:tlg0012.tlg001.msA:5.1,"IMAGE URN"
urn:cts:greekLit:tlg0012.tlg001.msA:5.1,"IMAGE URN"
urn:cts:greekLit:tlg0012.tlg001.msA:5.1,"IMAGE URN"
urn:cts:greekLit:tlg0012.tlg001.msA:5.1,"IMAGE URN"
urn:cts:greekLit:tlg0012.tlg001.msA:5.1,"IMAGE URN"
urn:cts:greekLit:tlg0012.tlg001.msA:5.1,"IMAGE URN"
urn:cts:greekLit:tlg0012.tlg001.msA:5.1,"IMAGE URN"
urn:cts:greekLit:tlg0012.tlg001.msA:5.1,"IMAGE URN"
urn:cts:greekLit:tlg0012.tlg001.msA:5.1,"IMAGE URN"
urn:cts:greekLit:tlg0012.tlg001.msA:5.1,"IMAGE URN"
urn:cts:greekLit:tlg0012.tlg001.msA:5.1,"IMAGE URN"
urn:cts:greekLit:tlg0012.tlg001.msA:5.1,"IMAGE URN"
urn:cts:greekLit:tlg0012.tlg001.msA:5.1,"IMAGE URN"
urn:cts:greekLit:tlg0012.tlg001.msA:5.1,"IMAGE URN"
urn:cts:greekLit:tlg0012.tlg001.msA:5.1,"IMAGE URN"
urn:cts:greekLit:tlg0012.tlg001.msA:5.1,"IMAGE URN"
urn:cts:greekLit:tlg0012.tlg001.msA:5.1,"IMAGE URN"
urn:cts:greekLit:tlg0012.tlg001.msA:5.1,"IMAGE URN"
urn:cts:greekLit:tlg0012.tlg001.msA:5.1,"IMAGE URN"
urn:cts:greekLit:tlg0012.tlg001.msA:5.1,"IMAGE URN"
urn:cts:greekLit:tlg0012.tlg001.msA:5.1,"IMAGE URN"
urn:cts:greekLit:tlg0012.tlg001.msA:5.1,"IMAGE URN"
urn:cts:greekLit:tlg0012.tlg001.msA:5.1,"IMAGE URN"
urn:cts:greekLit:tlg0012.tlg001.msA:5.1,"IMAGE URN"
urn:cts:greekLit:tlg0012.tlg001.msA:5.1,"IMAGE URN"
urn:cts:greekLit:tlg0012.tlg001.msA:5.1,"IMAGE URN"
urn:cts:greekLit:tlg0012.tlg001.msA:5.1,"IMAGE URN"
urn:cts:greekLit:tlg0012.tlg001.msA:5.1,"IMAGE URN"
urn:cts:greekLit:tlg0012.tlg001.msA:5.1,"IMAGE URN"
urn:cts:greekLit:tlg0012.tlg001.msA:5.1,"IMAGE URN"
urn:cts:greekLit:tlg0012.tlg001.msA:5.1,"IMAGE URN"
urn:cts:greekLit:tlg0012.tlg001.msA:5.1,"IMAGE URN"
urn:cts:greekLit:tlg0012.tlg001.msA:5.1,"IMAGE URN"
urn:cts:greekLit:tlg0012.tlg001.msA:5.1,"IMAGE URN"
urn:cts:greekLit:tlg0012.tlg001.msA:5.1,"IMAGE URN"
urn:cts:greekLit:tlg0012.tlg001.msA:5.1,"IMAGE URN"
urn:cts:greekLit:tlg0012.tlg001.msA:5.1,"IMAGE URN"
urn:cts:greekLit:tlg0012.tlg001.msA:5.1,"IMAGE URN"
urn:cts:greekLit:tlg0012.tlg001.msA:5.1,"IMAGE URN"
urn:cts:greekLit:tlg0012.tlg001.msA:5.1,"IMAGE URN"
urn:cts:greekLit:tlg0012.tlg001.msA:5.1,"IMAGE URN"
urn:cts:greekLit:tlg0012.tlg001.msA:5.1,"IMAGE URN"
urn:cts:greekLit:tlg0012.tlg001.msA:5.1,"IMAGE URN"
urn:cts:greekLit:tlg0012.tlg001.msA:5.1,"IMAGE URN"
urn:cts:greekLit:tlg0012.tlg001.msA:5.1,"IMAGE URN"
urn:cts:greekLit:tlg0012.tlg001.msA:5.1,"IMAGE URN"
urn:cts:greekLit:tlg0012.tlg001.msA:5.1,"IMAGE URN"
urn:cts:greekLit:tlg0012.tlg001.msA:5.1,"IMAGE URN"
urn:cts:greekLit:tlg0012.tlg001.msA:5.1,"IMAGE URN"
urn:cts:greekLit:tlg0012.tlg001.msA:5.1,"IMAGE URN"
urn:cts:greekLit:tlg0012.tlg001.msA:5.1,"IMAGE URN"
urn:cts:greekLit:tlg0012.tlg001.msA:5.1,"IMAGE URN"
urn:cts:greekLit:tlg0012.tlg001.msA:5.1,"IMAGE URN"
urn:cts:greekLit:tlg0012.tlg001.msA:5.1,"IMAGE URN"
urn:cts:greekLit:tlg0012.tlg001.msA:5.1,"IMAGE URN"
urn:cts:greekLit:tlg0012.tlg001.msA:5.1,"IMAGE URN"
urn:cts:greekLit:tlg0012.tlg001.msA:5.1,"IMAGE URN"
urn:cts:greekLit:tlg0012.tlg001.msA:5.1,"IMAGE URN"
urn:cts:greekLit:tlg0012.tlg001.msA:5.1,"IMAGE URN"
urn:cts:greekLit:tlg0012.tlg001.msA:5.1,"IMAGE URN"
urn:cts:greekLit:tlg0012.tlg001.msA:5.1,"IMAGE URN"
urn:cts:greekLit:tlg0012.tlg001.msA:5.1,"IMAGE URN"
urn:cts:greekLit:tlg0012.tlg001.msA:5.1,"IMAGE URN"
urn:cts:greekLit:tlg0012.tlg001.msA:5.1,"IMAGE URN"
urn:cts:greekLit:tlg0012.tlg001.msA:5.1,"IMAGE URN"
urn:cts:greekLit:tlg0012.tlg001.msA:5.1,"IMAGE URN"
urn:cts:greekLit:tlg0012.tlg001.msA:5.1,"IMAGE URN"
urn:cts:greekLit:tlg0012.tlg001.msA:5.1,"IMAGE URN"
urn:cts:greekLit:tlg0012.tlg001.msA:5.1,"IMAGE URN"
urn:cts:greekLit:tlg0012.tlg001.msA:5.1,"IMAGE URN"
urn:cts:greekLit:tlg0012.tlg001.msA:5.1,"IMAGE URN"
urn:cts:greekLit:tlg0012.tlg001.msA:5.1,"IMAGE URN"
urn:cts:greekLit:tlg0012.tlg001.msA:5.1,"IMAGE URN"
urn:cts:greekLit:tlg0012.tlg001.msA:5.1,"IMAGE URN"
urn:cts:greekLit:tlg0012.tlg001.msA:5.1,"IMAGE URN"
urn:cts:greekLit:tlg0012.tlg001.msA:5.1,"IMAGE URN"
urn:cts:greekLit:tlg0012.tlg001.msA:5.1,"IMAGE URN"
urn:cts:greekLit:tlg0012.tlg001.msA:5.1,"IMAGE URN"
urn:cts:greekLit:tlg0012.tlg001.msA:5.1,"IMAGE URN"
urn:cts:greekLit:tlg0012.tlg001.msA:5.1,"IMAGE URN"
urn:cts:greekLit:tlg0012.tlg001.msA:5.1,"IMAGE URN"
urn:cts:greekLit:tlg0012.tlg001.msA:5.1,"IMAGE URN"
urn:cts:greekLit:tlg0012.tlg001.msA:5.1,"IMAGE URN"
urn:cts:greekLit:tlg0012.tlg001.msA:5.1,"IMAGE URN"
urn:cts:greekLit:tlg0012.tlg001.msA:5.1,"IMAGE URN"
urn:cts:greekLit:tlg0012.tlg001.msA:5.1,"IMAGE URN"
urn:cts:greekLit:tlg0012.tlg001.msA:5.1,"IMAGE URN"
urn:cts:greekLit:tlg0012.tlg001.msA:5.1,"IMAGE URN"
urn:cts:greekLit:tlg0012.tlg001.msA:5.1,"IMAGE URN"
urn:cts:greekLit:tlg0012.tlg001.msA:5.1,"IMAGE URN"
urn:cts:greekLit:tlg0012.tlg001.msA:5.1,"IMAGE URN"
urn:cts:greekLit:tlg0012.tlg001.msA:5.1,"IMAGE URN"
urn:cts:greekLit:tlg0012.tlg001.msA:5.1,"IMAGE URN"
urn:cts:greekLit:tlg0012.tlg001.msA:5.1,"IMAGE URN"
urn:cts:greekLit:tlg0012.tlg001.msA:5.1,"IMAGE URN"
urn:cts:greekLit:tlg0012.tlg001.msA:5.1,"IMAGE URN"
urn:cts:greekLit:tlg0012.tlg001.msA:5.1,"IMAGE URN"
urn:cts:greekLit:tlg0012.tlg001.msA:5.1,"IMAGE URN"
urn:cts:greekLit:tlg0012.tlg001.msA:5.1,"IMAGE URN"
urn:cts:greekLit:tlg0012.tlg001.msA:5.1,"IMAGE URN"
urn:cts:greekLit:tlg0012.tlg001.msA:5.1,"IMAGE URN"
urn:cts:greekLit:tlg0012.tlg001.msA:5.1,"IMAGE URN"
urn:cts:greekLit:tlg0012.tlg001.msA:5.1,"IMAGE URN"
urn:cts:greekLit:tlg0012.tlg001.msA:5.1,"IMAGE URN"
urn:cts:greekLit:tlg0012.tlg001.msA:5.1,"IMAGE URN"
urn:cts:greekLit:tlg0012.tlg001.msA:5.1,"IMAGE URN"
urn:cts:greekLit:tlg0012.tlg001.msA:5.1,"IMAGE URN"
urn:cts:greekLit:tlg0012.tlg001.msA:5.1,"IMAGE URN"
urn:cts:greekLit:tlg0012.tlg001.msA:5.1,"IMAGE URN"
urn:cts:greekLit:tlg0012.tlg001.msA:5.1,"IMAGE URN"
urn:cts:greekLit:tlg0012.tlg001.msA:5.1,"IMAGE URN"
urn:cts:greekLit:tlg0012.tlg001.msA:5.1,"IMAGE URN"
urn:cts:greekLit:tlg0012.tlg001.msA:5.1,"IMAGE URN"
urn:cts:greekLit:tlg0012.tlg001.msA:5.1,"IMAGE URN"
urn:cts:greekLit:tlg0012.tlg001.msA:5.1,"IMAGE URN"
urn:cts:greekLit:tlg0012.tlg001.msA:5.1,"IMAGE URN"
urn:cts:greekLit:tlg0012.tlg001.msA:5.1,"IMAGE URN"
urn:cts:greekLit:tlg0012.tlg001.msA:5.1,"IMAGE URN"
urn:cts:greekLit:tlg0012.tlg001.msA:5.1,"IMAGE URN"
urn:cts:greekLit:tlg0012.tlg001.msA:5.1,"IMAGE URN"
urn:cts:greekLit:tlg0012.tlg001.msA:5.1,"IMAGE URN"
urn:cts:greekLit:tlg0012.tlg001.msA:5.1,"IMAGE URN"
urn:cts:greekLit:tlg0012.tlg001.msA:5.1,"IMAGE URN"
urn:cts:greekLit:tlg0012.tlg001.msA:5.1,"IMAGE URN"
urn:cts:greekLit:tlg0012.tlg001.msA:5.1,"IMAGE URN"
urn:cts:greekLit:tlg0012.tlg001.msA:5.1,"IMAGE URN"
urn:cts:greekLit:tlg0012.tlg001.msA:5.1,"IMAGE URN"
urn:cts:greekLit:tlg0012.tlg001.msA:5.1,"IMAGE URN"
urn:cts:greekLit:tlg0012.tlg001.msA:5.1,"IMAGE URN"
urn:cts:greekLit:tlg0012.tlg001.msA:5.1,"IMAGE URN"
urn:cts:greekLit:tlg0012.tlg001.msA:5.1,"IMAGE URN"
urn:cts:greekLit:tlg0012.tlg001.msA:5.1,"IMAGE URN"
urn:cts:greekLit:tlg0012.tlg001.msA:5.1,"IMAGE URN"
urn:cts:greekLit:tlg0012.tlg001.msA:5.1,"IMAGE URN"
urn:cts:greekLit:tlg0012.tlg001.msA:5.1,"IMAGE URN"
urn:cts:greekLit:tlg0012.tlg001.msA:5.1,"IMAGE URN"
urn:cts:greekLit:tlg0012.tlg001.msA:5.1,"IMAGE URN"
urn:cts:greekLit:tlg0012.tlg001.msA:5.1,"IMAGE URN"
urn:cts:greekLit:tlg0012.tlg001.msA:5.1,"IMAGE URN"
urn:cts:greekLit:tlg0012.tlg001.msA:5.1,"IMAGE URN"
urn:cts:greekLit:tlg0012.tlg001.msA:5.1,"IMAGE URN"
urn:cts:greekLit:tlg0012.tlg001.msA:5.1,"IMAGE URN"
urn:cts:greekLit:tlg0012.tlg001.msA:5.1,"IMAGE URN"
urn:cts:greekLit:tlg0012.tlg001.msA:5.1,"IMAGE URN"
urn:cts:greekLit:tlg0012.tlg001.msA:5.1,"IMAGE URN"
urn:cts:greekLit:tlg0012.tlg001.msA:5.1,"IMAGE URN"
urn:cts:greekLit:tlg0012.tlg001.msA:5.1,"IMAGE URN"
urn:cts:greekLit:tlg0012.tlg001.msA:5.1,"IMAGE URN"
urn:cts:greekLit:tlg0012.tlg001.msA:5.1,"IMAGE URN"
urn:cts:greekLit:tlg0012.tlg001.msA:5.1,"IMAGE URN"
urn:cts:greekLit:tlg0012.tlg001.msA:5.1,"IMAGE URN"
urn:cts:greekLit:tlg0012.tlg001.msA:5.1,"IMAGE URN"
urn:cts:greekLit:tlg0012.tlg001.msA:5.1,"IMAGE URN"
urn:cts:greekLit:tlg0012.tlg001.msA:5.1,"IMAGE URN"
urn:cts:greekLit:tlg0012.tlg001.msA:5.1,"IMAGE URN"
urn:cts:greekLit:tlg0012.tlg001.msA:5.1,"IMAGE URN"
urn:cts:greekLit:tlg0012.tlg001.msA:5.1,"IMAGE URN"
urn:cts:greekLit:tlg0012.tlg001.msA:5.1,"IMAGE URN"
urn:cts:greekLit:tlg0012.tlg001.msA:5.1,"IMAGE URN"
urn:cts:greekLit:tlg0012.tlg001.msA:5.1,"IMAGE URN"
urn:cts:greekLit:tlg0012.tlg001.msA:5.1,"IMAGE URN"
urn:cts:greekLit:tlg0012.tlg001.msA:5.1,"IMAGE URN"
urn:cts:greekLit:tlg0012.tlg001.msA:5.1,"IMAGE URN"
urn:cts:greekLit:tlg0012.tlg001.msA:5.1,"IMAGE URN"
urn:cts:greekLit:tlg0012.tlg001.msA:5.1,"IMAGE URN"
urn:cts:greekLit:tlg0012.tlg001.msA:5.1,"IMAGE URN"
urn:cts:greekLit:tlg0012.tlg001.msA:5.1,"IMAGE URN"
urn:cts:greekLit:tlg0012.tlg001.msA:5.1,"IMAGE URN"
urn:cts:greekLit:tlg0012.tlg001.msA:5.1,"IMAGE URN"
urn:cts:greekLit:tlg0012.tlg001.msA:5.1,"IMAGE URN"
urn:cts:greekLit:tlg0012.tlg001.msA:5.1,"IMAGE URN"
urn:cts:greekLit:tlg0012.tlg001.msA:5.1,"IMAGE URN"
urn:cts:greekLit:tlg0012.tlg001.msA:5.1,"IMAGE URN"
urn:cts:greekLit:tlg0012.tlg001.msA:5.1,"IMAGE URN"
urn:cts:greekLit:tlg0012.tlg001.msA:5.1,"IMAGE URN"
urn:cts:greekLit:tlg0012.tlg001.msA:5.1,"IMAGE URN"
urn:cts:greekLit:tlg0012.tlg001.msA:5.1,"IMAGE URN"
urn:cts:greekLit:tlg0012.tlg001.msA:5.1,"IMAGE URN"
urn:cts:greekLit:tlg0012.tlg001.msA:5.1,"IMAGE URN"
urn:cts:greekLit:tlg0012.tlg001.msA:5.1,"IMAGE URN"
urn:cts:greekLit:tlg0012.tlg001.msA:5.1,"IMAGE URN"
urn:cts:greekLit:tlg0012.tlg001.msA:5.1,"IMAGE URN"
urn:cts:greekLit:tlg0012.tlg001.msA:5.1,"IMAGE URN"
urn:cts:greekLit:tlg0012.tlg001.msA:5.1,"IMAGE URN"
urn:cts:greekLit:tlg0012.tlg001.msA:5.1,"IMAGE URN"
urn:cts:greekLit:tlg0012.tlg001.msA:5.1,"IMAGE URN"
urn:cts:greekLit:tlg0012.tlg001.msA:5.1,"IMAGE URN"
urn:cts:greekLit:tlg0012.tlg001.msA:5.1,"IMAGE URN"
urn:cts:greekLit:tlg0012.tlg001.msA:5.1,"IMAGE URN"
urn:cts:greekLit:tlg0012.tlg001.msA:5.1,"IMAGE URN"
urn:cts:greekLit:tlg0012.tlg001.msA:5.1,"IMAGE URN"
urn:cts:greekLit:tlg0012.tlg001.msA:5.1,"IMAGE URN"
urn:cts:greekLit:tlg0012.tlg001.msA:5.1,"IMAGE URN"
urn:cts:greekLit:tlg0012.tlg001.msA:5.1,"IMAGE URN"
urn:cts:greekLit:tlg0012.tlg001.msA:5.1,"IMAGE URN"
urn:cts:greekLit:tlg0012.tlg001.msA:5.1,"IMAGE URN"
urn:cts:greekLit:tlg0012.tlg001.msA:5.1,"IMAGE URN"
urn:cts:greekLit:tlg0012.tlg001.msA:5.1,"IMAGE URN"
urn:cts:greekLit:tlg0012.tlg001.msA:5.1,"IMAGE URN"
